Workbook

Sheet T01-2024
A1: VPA - SẢN LƯỢNG CONTAINER (TEU) - THÁNG 1 NĂM 2024 / 2023
A3: KHU VỰC / Cảng | B3: Năm 2023 | C3: 1T 2023 | D3: 1T 2024 | E3: THÁNG 1-2024 | O3: 1T (2024 / 2023)
E4: CỘNG | F4: Nhập Ngoại | G4: Xuất Ngoại | H4: Nhập nội | I4: Xuất nội | J4: Trung chuyển | K4: 20' | L4: Rỗng | M4: Lạnh | N4: GN qua sà lan
A6: MIỀN BẮC | B6: =SUM(B7:B18) -> 4518182 | C6: =SUM(C7:C18) -> 295945 | D6: =SUM(D8:D18) -> 451236 | E6: =SUM(E8:E18) -> 451236 | F6: =SUM(F8:F17) -> 184406 | G6: =SUM(G8:G17) -> 182272 | H6: =SUM(H8:H17) -> 34386 | I6: =SUM(I8:I17) -> 37691 | O6: =+D6/C6 -> 1.5247293
A7: Quang Ninh
A8: Cái Lân (CICT) | E8: =F8+G8+H8+I8+J8 -> 0
A9: Hai Phong (Chùa Vẽ+Tân Vũ) | B9: =715133+126685+111732+106510+95851+111311 -> 1267222 | C9: 82758 | D9: =108077 -> 108077 | E9: =SUM(F9:J9) -> 108077 | F9: 38493 | G9: 37849 | H9: 14834 | I9: 16901 | O9: =+D9/C9 -> 1.3059402
A10: HICT (Lạch Huyện, HP) | B10: 1272859 | C10: 86070 | D10: =148719 -> 148719 | E10: =SUM(F10:J10) -> 148719 | F10: 73486 | G10: 75233 | K10: =9953+8358 -> 18311 | L10: =2805+1881 -> 4686 | O10: =+D10/C10 -> 1.7278843
A11: Đoạn Xá | E11: =SUM(F11:J11) -> 0
A12: Đình vũ | B12: 491959 | C12: 36966 | D12: =39231 -> 39231 | E12: =SUM(F12:J12) -> 39231 | F12: 19340 | G12: 18849 | H12: 648 | I12: 394 | K12: =6080+2677+153+102 -> 9012 | L12: =26+2912+9 -> 2947 | O12: =+D12/C12 -> 1.0612725
A13: Nam Hải Đình Vũ | B13: 149160 | C13: 41503 | D13: 0 | E13: =SUM(F13:J13) -> 0
A14: Nam Đình Vũ | B14: =27700+42263+60649+60306+68982+89333+103549+96251+80177+83538+83985+100491 -> 897224 | C14: 27700 | D14: =107401 -> 107401 | E14: =SUM(F14:J14) -> 107401 | F14: 50060 | G14: 47718 | H14: 4470 | I14: 5153 | K14: =10956+8425+755+989 -> 21125 | L14: =1010+4403+61+58 -> 5532 | M14: =4682 -> 4682 | N14: 891 | O14: =+D14/C14 -> 3.8772924
A15: Tân Cảng 128 Hải Phòng | B15: =6147+7479+7850+9613+8350+10297+8331+8950+9929+9191+7491+7125 -> 100753 | C15: 6147 | D15: =5818 -> 5818 | E15: =SUM(F15:J15) -> 5818 | H15: 2779 | I15: 3039 | K15: 1864 | L15: =128+1843 -> 1971 | O15: =+D15/C15 -> 0.94647796
A16: Transvina | B16: =540+350 -> 890 | C16: 0 | D16: 436 | E16: 436
A17: PTSC Đình Vũ | B17: =14801+21013+19343+20052+25339+15490+23521+25450+24091+25115+25902+30182 -> 270299 | C17: 14801 | D17: =29509 -> 29509 | E17: =SUM(F17:J17) -> 29509 | F17: 3027 | G17: 2623 | H17: 11655 | I17: 12204 | K17: =945+407+3282+3089 -> 7723 | L17: =406+23+253 -> 682 | O17: =+D17/C17 -> 1.9937166
A18: VIMC Đình Vũ | B18: 67816 | C18: 0 | D18: 12045 | E18: 12045
A19: Vip Green Port (*) | B19: 633659 | C19: 47086 | D19: 57024 | E19: 57024 | O19: =+D19/C19 -> 1.2110606
A20: Green Port (*) | B20: 255481 | C20: 20295 | D20: 24857 | E20: 24857 | O20: =+D20/C20 -> 1.2247844
A21: Mipec (*) | B21: 92242 | C21: 15841 | D21: 4324 | E21: 4324 | O21: =+D21/C21 -> 0.27296257
A22: Hải An (*) | B22: 400078 | C22: 25414 | D22: 36183 | E22: 36183 | O22: =+D22/C22 -> 1.4237428
A23: TC 189 Hải Phòng (*) | B23: 171077 | C23: 13130 | D23: 14645 | E23: 14645 | O23: =+D23/C23 -> 1.1153846
A24: Nam Hải Dình Vũ (*) | B24: 270677 | C24: 41503 | D24: 22071 | E24: 22071 | O24: =+D24/C24 -> 0.53179288
A26: MIỀN TRUNG | B26: =SUM(B27:B30) -> 860026 | C26: =60154 -> 60154 | D26: =SUM(D27:D30) -> 93571 | E26: =SUM(E27:E30) -> 93571 | F26: =SUM(F27:F30) -> 36560 | G26: =SUM(G27:G30) -> 37251 | H26: =SUM(H27:H30) -> 13619 | I26: =SUM(I27:I30) -> 6141 | J26: =SUM(J27:J30) -> 0 | K26: =SUM(K27:K30) -> 14887 | L26: =SUM(L27:L30) -> 2813 | N26: =SUM(N27:N30) -> 0 | O26: =+D26/C26 -> 1.5555242
A27: Nghe Tinh | B27: =30481+3346 -> 33827 | C27: 2482 | D27: 6576 | E27: =SUM(F27:J27) -> 6576 | F27: 1932 | G27: 2256 | H27: =696+1176 -> 1872 | I27: =514+2 -> 516 | O27: =+D27/C27 -> 2.6494762
A28: Da Nang | B28: 675254 | C28: 42268 | D28: =64505 -> 64505 | E28: =SUM(F28:J28) -> 64505 | F28: 26657 | G28: 24991 | H28: 7349 | I28: 5508 | K28: =5262+5685+1790+503 -> 13240 | L28: =979+288+219 -> 1486 | O28: =+D28/C28 -> 1.5260954
A29: Quy Nhon | B29: =120488+12239+18218 -> 150945 | C29: 15404 | D29: =22490 -> 22490 | E29: =SUM(F29:J29) -> 22490 | F29: 7971 | G29: 10004 | H29: 4398 | I29: 117 | K29: =401+1205+41 -> 1647 | L29: =820+3+436+68 -> 1327 | O29: =+D29/C29 -> 1.4600104
A30: Cam Ranh | B30: 0 | D30: 0 | E30: =SUM(F30:J30) -> 0
A32: TP HCM | B32: =SUM(B33:B43) -> 8314054 | C32: =559851 -> 559851 | D32: =SUM(D33:D43) -> 775273 | E32: =SUM(E33:E43) -> 775273 | F32: =SUM(F33:F43) -> 291934 | G32: =SUM(G33:G43) -> 262156 | H32: =SUM(H33:H43) -> 106822 | I32: =SUM(I33:I43) -> 112238 | J32: =SUM(J33:J43) -> 2123 | K32: =SUM(K33:K43) -> 161941 | ... N32: =SUM(N33:N43) -> 63835 | O32: =+D32/C32 -> 1.3847845
A33: Binh Duong | B33: =439746+58130+61049 -> 558925 | C33: 39360 | D33: =67666 -> 67666 | E33: =SUM(F33:J33) -> 67666 | H33: 23881 | I33: 43785 | K33: =24+1809 -> 1833 | L33: =1221 -> 1221 | O33: =+D33/C33 -> 1.7191565
A34: Đồng Nai | B34: =506252+63971 -> 570223 | C34: 32272 | D34: =58796 -> 58796 | E34: =SUM(F34:J34) -> 58796 | H34: 11346 | I34: 47450 | K34: 1886 | L34: =11140+12 -> 11152 | N34: 58796 | O34: =+D34/C34 -> 1.8218889
A35: ITC- CORP | B35: =42017+51282+45948+47390+55304+49234+45680+47437+43911+34616+30188+41910 -> 534917 | C35: 42017 | D35: =43919 -> 43919 | E35: =SUM(F35:J35) -> 43919 | F35: 13854 | G35: 22333 | H35: 2841 | I35: 2768 | J35: 2123 | K35: =2577+5338+567+423+86 -> 8991 | L35: =343+17+58+31+41 -> 490 | N35: 3133 | O35: =+D35/C35 -> 1.0452674
A36: Cảng Sai Gòn | B36: =154869+18461+17185+18184+22072 -> 230771 | C36: 9329 | D36: =20214 -> 20214 | E36: =SUM(G36:H36) -> 20214 | G36: 10023 | H36: 10191 | K36: =677+588 -> 1265 | L36: 42 | O36: =+D36/C36 -> 2.1667917
A37: Ben Nghe | B37: =50925+32855+32535+28886+28236+30552+33558+32390+29858+33841+31383 -> 365019 | C37: 23096 | D37: =36191 -> 36191 | E37: =SUM(F37:J37) -> 36191 | H37: 18661 | I37: 17530 | K37: =414+366 -> 780 | M37: 406 | N37: 563 | O37: =+D37/C37 -> 1.5669813
A38: Tan Cang - Hiệp Phước | B38: =5696+3958+5815+9110+7468+13154+12856+16704+16494+13524+11707+13991 -> 130477 | C38: 5696 | D38: 12008 | E38: =SUM(F38:J38) -> 12008 | F38: 2972 | G38: 9036 | K38: 5158 | L38: =103+2944 -> 3047 | N38: 22 | O38: =+D38/C38 -> 2.1081461
A39: Tan Cang - Cat Lai | B39: =372397+393542+480876+438506+433683+444706+469051+460647+432596+460939+470477+474708 -> 5332128 | C39: 372397 | D39: =492323 -> 492323 | E39: =SUM(F39:J39) -> 492323 | F39: 272540 | G39: 219783 | K39: =71459+69689 -> 141148 | L39: =7525+5664 -> 13189 | O39: =+D39/C39 -> 1.322038
A40: VICT | B40: =32440+39588+48102+43548+41412+40968+51704+51435+55440+57617+45700+41689 -> 549643 | C40: 32440 | D40: =41444 -> 41444 | E40: =SUM(F40:J40) -> 41444 | F40: 2287 | H40: 39157 | O40: =+D40/C40 -> 1.2775586
A41: SPCT | B41: =SUM(C41:G41) -> 0 | C41: =SUM(D41:H41) -> 0 | E41: =SUM(F41:J41) -> 0
A42: Lotus | B42: =2388+2166+2181+2143+2735+2159+2232+3124+2401+2891+2264+3229 -> 29913 | C42: 2388 | D42: =1591 -> 1591 | E42: =SUM(F42:J42) -> 1591 | F42: 21 | G42: 120 | H42: 745 | I42: 705 | K42: 661 | L42: =21+212+90 -> 323 | N42: 200 | O42: =+D42/C42 -> 0.66624791
A43: Phuoc Long ICD | B43: 12038 | C43: 856 | D43: =1121 -> 1121 | E43: =SUM(F43:J43) -> 1121 | F43: 260 | G43: 861 | K43: 219 | L43: =216 -> 216 | N43: 1121 | O43: =+D43/C43 -> 1.3095794
A45: BR-VT | B45: =SUM(B46:B53) -> 4797590 | C45: =SUM(C46:C53) -> 307532 | D45: =SUM(D46:D53) -> 469512 | E45: =SUM(E46:E53) -> 469512 | F45: =SUM(F46:F53) -> 207190 | G45: =SUM(G46:G53) -> 229771 | H45: =SUM(H46:H53) -> 5268 | I45: =SUM(I46:I53) -> 3932 | ... N45: =SUM(N46:N53) -> 48129 | O45: =+D45/C45 -> 1.5267094
A46: SP-PSA | B46: 0 | C46: 0 | E46: =F46+G46+H46+I46+J46 -> 0
A47: Tân Cảng - TCIT | B47: =127394+89400+147995+127434+174236+176428+189135+187087+174544+192913+163797+135579 -> 1885942 | C47: 127394 | D47: =152617 -> 152617 | E47: =SUM(F47:J47) -> 152617 | F47: 65133 | G47: 71081 | H47: 5268 | I47: 3932 | J47: 7203 | K47: =3593+6819+785+297+490 -> 11984 | L47: =4220+88+97+225+253 -> 4883 | O47: =+D47/C47 -> 1.1979921
A48: Tân Cảng - TCCT
A49: Tân Cảng - TCTT (TCOT cũ) | B49: =47356+52560+79724+85499+66734+68133+73487+69407+60723+61109+72181+84025 -> 820938 | C49: 47356 | D49: =97537 -> 97537 | E49: =SUM(F49:J49) -> 97537 | F49: 48710 | G49: 45167 | J49: 3660 | K49: =1413+4183+271 -> 5867 | L49: =3849+76+65 -> 3990 | N49: 3623 | O49: =+D49/C49 -> 2.0596545
A50: CMIT | B50: =38855+42860+48337+46082+47751+44611+75076+55809+60576+63502+55882+64932 -> 644273 | C50: 38855 | D50: 59734 | E50: =SUM(F50:J50) -> 59734 | F50: 23982 | G50: 28872 | J50: 6880 | K50: =719+4304+1522 -> 6545 | L50: =3637+6 -> 3643 | O50: =+D50/C50 -> 1.5373568
A51: SSIT | B51: =38927+25455+65397+44769+34250+34453+44944+60275+38990+46527+28707+33843 -> 496537 | C51: 38927 | D51: =47624 -> 47624 | E51: =SUM(F51:J51) -> 47624 | F51: 16913 | G51: 25103 | J51: 5608 | K51: 7416 | L51: =12927+2064+3047 -> 18038 | M51: 833 | N51: 44506 | O51: =+D51/C51 -> 1.2234182
A52: GEMALINK (*) | B52: 949900 | C52: 55000 | D52: 112000 | E52: =SUM(F52:G52) -> 112000 | F52: 52452 | G52: 59548 | O52: =+D52/C52 -> 2.0363636
A53: SITV
A55: ĐỒNG BẰNG SCL | B55: =SUM(B56:B63) -> 71421 | C55: =SUM(C56:C63) -> 2573 | D55: =SUM(D56:D63) -> 4746 | E55: =SUM(E56:E63) -> 4746 | F55: =SUM(F56:F63) -> 66 | G55: =SUM(G56:G63) -> 66 | H55: =SUM(H56:H63) -> 2268 | I55: =SUM(I56:I63) -> 2346 | ... N55: =SUM(N56:N63) -> 4129 | O55: =+D55/C55 -> 1.8445394
A56: Can Tho/ Cái Cui | B56: =122+557+792+366+499+468+393+769+628+559+497+230 -> 5880 | C56: 122 | D56: =335 -> 335 | E56: =SUM(F56:J56) -> 335 | H56: 145 | I56: 190 | K56: =27+129 -> 156 | L56: =82+25 -> 107 | O56: =+D56/C56 -> 2.7459016
A57: Tân Cảng Cái Cui | E57: =SUM(F57:J57) -> 0
A58: Tra Noc CT | B58: =774+884+1093+1806+989+1127+1587+1317+1182+1138+1729+1456 -> 15082 | C58: 774 | D58: =1670 -> 1670 | E58: =SUM(F58:J58) -> 1670 | H58: 829 | I58: 841 | K58: =354+408 -> 762 | L58: =383+341 -> 724 | N58: 1670 | O58: =+D58/C58 -> 2.1576227
A59: An Giang | B59: =19101+1605+2057+920+1082 -> 24765 | C59: 888 | D59: =1089 -> 1089 | E59: =SUM(F59:J59) -> 1089 | F59: 66 | G59: 66 | H59: 476 | I59: 481 | K59: =66+1+338 -> 405 | L59: =66+335+1 -> 402 | N59: 807 | O59: =+D59/C59 -> 1.2263514
A60: Vinh Long | B60: =SUM(C60:G60) -> 0 | C60: 0 | E60: =SUM(F60:J60) -> 0
A61: Tan Cang - Sa Dec | B61: 19597 | C61: 607 | D61: =949 -> 949 | E61: =SUM(F61:J61) -> 949 | H61: 479 | I61: 470 | K61: 949 | L61: =479 -> 479 | N61: 949 | O61: =+D61/C61 -> 1.5634267
A62: Tan Cang - Thốt Nốt (*) | C62: 182 | E62: =SUM(F62:J62) -> 0 | O62: =+D62/C62 -> 0
A63: VIMC- Hậu Giang | B63: =3284+527+85+247+741+628+585 -> 6097 | D63: =703 -> 703 | E63: =SUM(F63:J63) -> 703 | H63: 339 | I63: 364 | J63: 0 | K63: =217+46 -> 263 | L63: =104 -> 104 | N63: 703
A65: TỔNG CỘNG | B65: =B6+B26+B32+B45+B55 -> 18561273 | C65: =C6+C26+C32+C45+C55 -> 1226055 | D65: =D6+D26+D32+D45+D55 -> 1794338 | E65: =E6+E26+E32+E45+E55 -> 1794338 | F65: =F6+F26+F32+F45+F55 -> 720156 | G65: =G6+G26+F32+G45+G55 -> 741294 | H65: =H6+H26+G32+H45+H55 -> 317697 | I65: =I6+I26+H32+I45+I55 -> 156932 | J65: =J6+J26+I32+J45+J55 -> 135589 | K65: =K6+K26+J32+K45+K55 -> 51357 | L65: =L6+L26+K32+L45+L55 -> 197124 | M65: =M6+M26+L32+M45+M55 -> 30513 | N65: =N6+N26+M32+N45+N55 -> 52664 | O65: =+D65/C65 -> 1.4635053
D66: Đúng | M66: Ngày 19 tháng 02 năm 2024
D68: Tháng 1 | E68: Tháng 2 | F68: Tháng 3 | G68: Tháng 4 | H68: Tháng 5 | I68: Tháng 6 | J68: Tháng 7 | K68: Tháng 8 | L68: Tháng 9 | M68: Tháng 10 | N68: Tháng 11 | O68: Tháng 12 | P68: Năm 2024
B69: Sản lượng hàng tháng | D69: 1845076 | P69: =SUM(D69:O69) -> 1845076
B70: % so với tháng trước đó | E70: =IF(D69>0,E69/D69,0)*100 -> 0 | F70: =IF(E69>0,F69/E69,0)*100 -> 0 | G70: =IF(F69>0,G69/F69,0)*100 -> 0 | H70: =IF(G69>0,H69/G69,0)*100 -> 0 | I70: =IF(H69>0,I69/H69,0)*100 -> 0 | J70: =IF(H69>0,J69/H69,0)*100 -> 0 | K70: =IF(J69>0,K69/J69,0)*100 -> 0 | L70: =IF(K69>0,L69/K69,0)*100 -> 0 | M70: =IF(L69>0,M69/L69,0)*100 -> 0 | N70: =IF(M69>0,N69/M69,0)*100 -> 0 | O70: =IF(N69>0,O69/N69,0)*100 -> 0
A72: (*) Cảng chưa là thành viên VPA (số liệu được ước tính/tham khảo/cung cấp từ nguồn khác). Riêng số liệu năm 2022 của Gemalink có tính bx sà lan.
A73: Kể từ năm 2012, sản lượng thông qua không tính bốc xếp sà lan.
A74: Số liệu container trung chuyển, container 20', rỗng, lạnh và GN qua Sà lan không chính xác do nhiều cảng chưa thống kê đầy đủ
A75: Những ô để trống: không có số liệu (khác với trường hợp có số liệu = 0)
A76: Ban Thư ký VPA chân thành cám ơn các cảng đã cung cấp số liệu chi tiết nêu trên.
A77: Kính đề nghị các cảng xem xét và chỉnh sửa, bổ sung và báo ngay dùm cho BTK, nếu có thiếu sót.
A78: Dự kiến sẽ cung cấp thường xuyên số liệu cập nhật và chi tiết hơn cho các cảng để tham khảo, sử dụng.
B80: Container (Tấn>TEU) qua CMTV từng tháng năm 2024 có tính BX sà lan (Thông tin tham khảo thêm)
B81: Cảng | D81: Thang 1 | E81: Thang 2 | F81: Thang 3 | G81: Thang 4 | H81: Thang 5 | I81: Thang 6 | J81: Thang 7 | K81: Thang 8 | L81: Thang 9 | M81: Thang 10 | N81: Thang 11 | O81: Thang 12 | P81: Năm 2023 | Q81: Thị phần %
B82: Gemalink | D82: 250647.57 | P82: =SUM(D82:O82) -> 250647.57 | Q82: =P82/$P$88 -> 0.33405156
B83: TCCT | D83: 51557.786 | P83: =SUM(D83:O83) -> 51557.786 | Q83: =P83/$P$88 -> 0.068713847
B84: TCIT | D84: 157521.86 | P84: =SUM(D84:O84) -> 157521.86 | Q84: =P84/$P$88 -> 0.20993789
B85: TCTT | D85: 129327.71 | P85: =SUM(D85:O85) -> 129327.71 | Q85: =P85/$P$88 -> 0.17236203
B86: SSIT | D86: 81303.643 | P86: =SUM(D86:O86) -> 81303.643 | Q86: =P86/$P$88 -> 0.10835776
B87: CMIT | D87: 79967.429 | P87: =SUM(D87:O87) -> 79967.429 | Q87: =P87/$P$88 -> 0.10657691
D88: =SUM(D82:D87) -> 750326 | E88: =SUM(E82:E87) -> 0 | F88: =SUM(F82:F87) -> 0 | G88: =SUM(G82:G87) -> 0 | H88: =SUM(H82:H87) -> 0 | I88: =SUM(I82:I87) -> 0 | J88: =SUM(J82:J87) -> 0 | K88: =SUM(K82:K87) -> 0 | ... O88: =SUM(O82:O87) -> 0 | P88: =SUM(D88:O88) -> 750326 | Q88: =P88/$P$88 -> 1

Sheet T02-2024
A1: VPA - SẢN LƯỢNG CONTAINER (TEU) - THÁNG 2 NĂM 2024 / 2023
A3: KHU VỰC / Cảng | B3: Năm 2023 | C3: 2T 2023 | D3: 2T 2024 | E3: THÁNG 2-2024 | O3: 2T (2024 / 2023)
E4: CỘNG | F4: Nhập Ngoại | G4: Xuất Ngoại | H4: Nhập nội | I4: Xuất nội | J4: Trung chuyển | K4: 20' | L4: Rỗng | M4: Lạnh | N4: GN qua sà lan
A6: MIỀN BẮC | B6: =SUM(B8:B18) -> 4518182 | C6: 572810 | D6: =SUM(D8:D18) -> 773065 | E6: =SUM(E8:E18) -> 322275 | F6: =SUM(F8:F17) -> 133130 | G6: =SUM(G8:G17) -> 141368 | H6: =SUM(H8:H17) -> 21438 | I6: =SUM(I8:I17) -> 21098 | O6: =+D6/C6 -> 1.3496011
A7: Quang Ninh
A8: Cái Lân (CICT) | E8: =F8+G8+H8+I8+J8 -> 0
A9: Hai Phong (Chùa Vẽ+Tân Vũ) | B9: =715133+126685+111732+106510+95851+111311 -> 1267222 | C9: 173850 | D9: =108077+85467 -> 193544 | E9: =F9+G9+H9+I9+J9 -> 85467 | F9: 31542 | G9: 34414 | H9: 10675 | I9: 8836 | O9: =+D9/C9 -> 1.1132816
A10: HICT (Lạch Huyện, HP) | B10: 1272859 | C10: 140074 | D10: =148719+103732 -> 252451 | E10: =F10+G10+H10+I10+J10 -> 103742 | F10: 49479 | G10: 54263 | K10: =6349+5682 -> 12031 | L10: =1182+901 -> 2083 | O10: =+D10/C10 -> 1.8022688
A11: Đoạn Xá | E11: =F11+G11+H11+I11+J11 -> 0
A12: Đình vũ | B12: 491959 | C12: 73578 | D12: =39231+38035 -> 77266 | E12: =F12+G12+H12+I12+J12 -> 38035 | F12: 18602 | G12: 18991 | H12: 217 | I12: 225 | K12: =5281+3131+100+85 -> 8597 | L12: =103+2470+19 -> 2592 | O12: =+D12/C12 -> 1.0501237
A13: Nam Hải Đình Vũ | B13: 149160 | C13: 65905 | D13: 0 | E13: =F13+G13+H13+I13+J13 -> 0
A14: Nam Đình Vũ | B14: =27700+42263+60649+60306+68982+89333+103549+96251+80177+83538+83985+100491 -> 897224 | C14: 69963 | D14: =107401+71667 -> 179068 | E14: =F14+G14+H14+I14+J14 -> 71667 | F14: 32713 | G14: 32947 | H14: 2623 | I14: 3384 | K14: =7496+6249+531+631 -> 14907 | L14: =265+1958+4+19 -> 2246 | N14: 493 | O14: =+D14/C14 -> 2.5594671
A15: Tân Cảng 128 Hải Phòng | B15: =6147+7479+7850+9613+8350+10297+8331+8950+9929+9191+7491+7125 -> 100753 | C15: 13626 | D15: =5818+3471 -> 9289 | E15: =F15+G15+H15+I15+J15 -> 3471 | H15: 1710 | I15: 1761 | K15: =424+247 -> 671 | L15: =40+252 -> 292 | O15: =+D15/C15 -> 0.68171143
A16: Transvina | B16: =540+350 -> 890 | C16: 436 | E16: =F16+G16+H16+I16+J16 -> 0
A17: PTSC Đình Vũ | B17: =14801+21013+19343+20052+25339+15490+23521+25450+24091+25115+25902+30182 -> 270299 | C17: 35814 | D17: =29509+14652 -> 44161 | E17: =F17+G17+H17+I17+J17 -> 14652 | F17: 794 | G17: 753 | H17: 6213 | I17: 6892 | K17: 4430 | L17: =335+44+707 -> 1086 | O17: =+D17/C17 -> 1.2330653
A18: VIMC Đình Vũ | B18: 67816 | C18: 0 | D18: =12045+5241 -> 17286 | E18: 5241
A19: Vip Green Port (*) | B19: 633659 | C19: 92860 | D19: 98758 | E19: 41734 | O19: =+D19/C19 -> 1.063515
A20: Green Port (*) | B20: 255481 | C20: 51923 | D20: 42497 | E20: 17640 | O20: =+D20/C20 -> 0.81846195
A21: Mipec (*) | B21: 92242 | C21: 24141 | D21: 8659 | E21: 4335 | O21: =+D21/C21 -> 0.3586844
A22: Hải An (*) | B22: 400078 | C22: 51923 | D22: 66690 | E22: 30507 | O22: =+D22/C22 -> 1.2844019
A23: TC 189 Hải Phòng (*) | B23: 171077 | C23: 25312 | D23: 26704 | E23: 12059 | O23: =+D23/C23 -> 1.0549937
A24: Nam Hải Dình Vũ (*) | B24: 270677 | C24: 65905 | D24: 31758 | E24: 9654 | O24: =+D24/C24 -> 0.48187543
A26: MIỀN TRUNG | B26: =SUM(B27:B30) -> 860026 | C26: 117905 | D26: =SUM(D27:D30) -> 153345 | E26: =SUM(E27:E30) -> 62162 | F26: =SUM(F27:F30) -> 20480 | G26: =SUM(G27:G30) -> 26786 | H26: =SUM(H27:H30) -> 8624 | I26: =SUM(I27:I30) -> 6272 | J26: =SUM(J27:J30) -> 0 | K26: =SUM(K27:K30) -> 9799 | L26: =SUM(L27:L30) -> 2552 | N26: =SUM(N27:N30) -> 2189 | O26: =+D26/C26 -> 1.300581
A27: Nghe Tinh | B27: =30481+3346 -> 33827 | C27: 5142 | D27: =4188+2189 -> 6377 | E27: =F27+G27+H27+I27+J27 -> 2189 | F27: 0 | G27: 0 | H27: 1180 | I27: 1009 | K27: =308+517 -> 825 | L27: =256+0 -> 256 | N27: 2189 | O27: =+D27/C27 -> 1.2401789
A28: Da Nang | B28: 675254 | C28: 87125 | D28: =64505+48073 -> 112578 | E28: =F28+G28+H28+I28+J28 -> 48073 | F28: 17209 | G28: 20201 | H28: 5473 | I28: 5190 | K28: =3134+3355+1112+318 -> 7919 | L28: =623+998+318 -> 1939 | O28: =+D28/C28 -> 1.2921435
A29: Quy Nhon | B29: =120488+12239+18218 -> 150945 | C29: 25638 | D29: =22490+11900 -> 34390 | E29: =F29+G29+H29+I29+J29 -> 11900 | F29: 3271 | G29: 6585 | H29: 1971 | I29: 73 | K29: =197+734+86+38 -> 1055 | L29: =306+1+31+19 -> 357 | O29: =+D29/C29 -> 1.3413683
A30: Cam Ranh | B30: 0 | C30: 0 | E30: =F30+G30+H30+I30+J30 -> 0
A32: TP HCM | B32: =SUM(B33:B43) -> 8314054 | C32: 1154786 | D32: =SUM(D33:D43) -> 1350534 | E32: =SUM(E33:E43) -> 575261 | F32: =SUM(F33:F43) -> 229451 | G32: =SUM(G33:G43) -> 186400 | H32: =SUM(H33:H43) -> 70832 | I32: =SUM(I33:I43) -> 86161 | J32: =SUM(J33:J43) -> 2417 | K32: =SUM(K33:K43) -> 142911 | ... N32: =SUM(N33:N43) -> 97566 | O32: =+D32/C32 -> 1.1695102
A33: Binh Duong | B33: =439746+58130+61049 -> 558925 | C33: 70773 | D33: =67666+51377 -> 119043 | E33: =F33+G33+H33+I33+J33 -> 51377 | H33: 17573 | I33: 33804 | K33: =17+1532 -> 1549 | L33: =670 -> 670 | N33: 51377 | O33: =+D33/C33 -> 1.6820398
A34: Đồng Nai | B34: =506252+63971 -> 570223 | C34: 62510 | D34: =58796+40986 -> 99782 | E34: =F34+G34+H34+I34+J34 -> 40986 | H34: 9517 | I34: 31469 | K34: 2134 | L34: =9344+75 -> 9419 | N34: 40986 | O34: =+D34/C34 -> 1.5962566
A35: ITC- CORP | B35: =42017+51282+45948+47390+55304+49234+45680+47437+43911+34616+30188+41910 -> 534917 | C35: 93299 | D35: =43919+38655 -> 82574 | E35: =F35+G35+H35+I35+J35 -> 38655 | F35: 11899 | G35: 16407 | H35: 3015 | I35: 4917 | J35: 2417 | K35: 7717 | L35: =4189+547+418+791+2009 -> 7954 | N35: 3162 | O35: =+D35/C35 -> 0.885047
A36: Cảng Sai Gòn | B36: =154869+18461+17185+18184+22072 -> 230771 | C36: 23143 | D36: =20214+11681 -> 31895 | E36: =F36+G36+H36+I36+J36 -> 11681 | G36: 49 | H36: 5876 | I36: 5756 | K36: =0+1300+1330 -> 2630 | L36: =49+570+394 -> 1013 | M36: 86 | O36: =+D36/C36 -> 1.3781705
A37: Ben Nghe | B37: =50925+32855+32535+28886+28236+30552+33558+32390+29858+33841+31383 -> 365019 | C37: 50925 | D37: =36191+20920 -> 57111 | E37: =F37+G37+H37+I37+J37 -> 20920 | H37: 10705 | I37: 10215 | K37: =3340+3369 -> 6709 | L37: =93+160 -> 253 | N37: 563 | O37: =+D37/C37 -> 1.1214728
A38: Tan Cang - Hiệp Phước | B38: =5696+3958+5815+9110+7468+13154+12856+16704+16494+13524+11707+13991 -> 130477 | C38: 9654 | D38: =12008+9467 -> 21475 | E38: =F38+G38+H38+I38+J38 -> 9467 | F38: 2925 | G38: 6542 | K38: 3511 | L38: =940+3628 -> 4568 | O38: =+D38/C38 -> 2.2244665
A39: Tan Cang - Cat Lai | B39: =372397+393542+480876+438506+433683+444706+469051+460647+432596+460939+470477+474708 -> 5332128 | C39: 765939 | D39: =492323+373517 -> 865840 | E39: =F39+G39+H39+I39+J39 -> 373517 | F39: 211405 | G39: 162112 | K39: 118089 | L39: =32428+12695 -> 45123 | O39: =+D39/C39 -> 1.1304294
A40: VICT | B40: =32440+39588+48102+43548+41412+40968+51704+51435+55440+57617+45700+41689 -> 549643 | C40: 72028 | D40: =41444+27037 -> 68481 | E40: =F40+G40+H40+I40+J40 -> 27037 | F40: 2891 | H40: 24146 | O40: =+D40/C40 -> 0.95075526
A41: SPCT | B41: =SUM(C41:G41) -> 0 | C41: 0 | E41: =F41+G41+H41+I41+J41 -> 0
A42: Lotus | B42: =2388+2166+2181+2143+2735+2159+2232+3124+2401+2891+2264+3229 -> 29913 | C42: 4554 | D42: =1591+185 -> 1776 | E42: =F42+G42+H42+I42+J42 -> 185 | F42: 61 | G42: 124 | K42: 185 | L42: =61+4 -> 65 | N42: 42 | O42: =+D42/C42 -> 0.38998682
A43: Phuoc Long ICD | B43: 12038 | C43: 1961 | D43: =1121+1436 -> 2557 | E43: =F43+G43+H43+I43+J43 -> 1436 | F43: 270 | G43: 1166 | K43: =19+368 -> 387 | L43: =21 -> 21 | N43: 1436 | O43: =+D43/C43 -> 1.3039266
A45: BR-VT | B45: =SUM(B46:B53) -> 4797590 | C45: =SUM(C46:C53) -> 567207 | D45: =SUM(D46:D53) -> 865603 | E45: =SUM(E46:E53) -> 396091 | F45: =SUM(F46:F53) -> 170682 | G45: =SUM(G46:G53) -> 186939 | H45: =SUM(H46:H53) -> 6230 | I45: =SUM(I46:I53) -> 3558 | ... N45: =SUM(N46:N53) -> 45250 | O45: =+D45/C45 -> 1.5260795
A46: SP-PSA
A47: Tân Cảng - TCIT | B47: =127394+89400+147995+127434+174236+176428+189135+187087+174544+192913+163797+135579 -> 1885942 | C47: 216794 | D47: =152617+131920 -> 284537 | E47: =F47+G47+H47+I47+J47 -> 131920 | F47: 58568 | G47: 56738 | H47: 6230 | I47: 3558 | J47: 6826 | K47: 17168 | L47: =37035+843+315+2091+3469 -> 43753 | O47: =+D47/C47 -> 1.3124764
A48: Tân Cảng - TCCT
A49: Tân Cảng - TCTT (TCOT cũ) | B49: =47356+52560+79724+85499+66734+68133+73487+69407+60723+61109+72181+84025 -> 820938 | C49: 99916 | D49: =97537+55586 -> 153123 | E49: =F49+G49+H49+I49+J49 -> 55586 | F49: 22896 | G49: 26694 | J49: 5996 | K49: 4698 | L49: =16543+625+2806 -> 19974 | N49: 5959 | O49: =+D49/C49 -> 1.5325173
A50: CMIT | B50: =38855+42860+48337+46082+47751+44611+75076+55809+60576+63502+55882+64932 -> 644273 | C50: 81715 | D50: =59734+65037 -> 124771 | E50: =F50+G50+H50+I50+J50 -> 65037 | F50: 29829 | G50: 27180 | J50: 8028 | K50: =768+3489+1832 -> 6089 | L50: =4301+15+18 -> 4334 | O50: =+D50/C50 -> 1.5269045
A51: SSIT | B51: =38927+25455+65397+44769+34250+34453+44944+60275+38990+46527+28707+33843 -> 496537 | C51: 64382 | D51: =47624+41548 -> 89172 | E51: =F51+G51+H51+I51+J51 -> 41548 | F51: 16179 | G51: 17537 | J51: 7832 | K51: =511+4065+776 -> 5352 | L51: =1270 -> 1270 | N51: 39291 | O51: =+D51/C51 -> 1.3850455
A52: GEMALINK (*) | B52: 949900 | C52: 104400 | D52: =E52+'T01-2024'!D52 -> 214000 | E52: =SUM(F52:G52) -> 102000 | F52: 43210 | G52: 58790 | O52: =+D52/C52 -> 2.0498084
A53: SITV
A55: ĐỒNG BẰNG SCL | B55: =SUM(B56:B63) -> 71421 | C55: 8424 | D55: =SUM(D56:D63) -> 7241 | E55: =SUM(E56:E63) -> 2495 | F55: =SUM(F56:F63) -> 0 | G55: =SUM(G56:G63) -> 0 | H55: =SUM(H56:H63) -> 1244 | I55: =SUM(I56:I63) -> 1251 | J55: =SUM(J56:J63) -> 0 | K55: =SUM(K56:K63) -> 1676 | ... N55: =SUM(N56:N63) -> 2387 | O55: =+D55/C55 -> 0.8595679
A56: Can Tho/ Cái Cui | B56: =122+557+792+366+499+468+393+769+628+559+497+230 -> 5880 | C56: 679 | D56: =335+74 -> 409 | E56: =F56+G56+H56+I56+J56 -> 74 | H56: 47 | I56: 27 | K56: =19 -> 19 | L56: 23 | N56: 74 | O56: =+D56/C56 -> 0.60235641
A57: Tân Cảng Cái Cui | E57: =F57+G57+H57+I57+J57 -> 0
A58: Tra Noc CT | B58: =774+884+1093+1806+989+1127+1587+1317+1182+1138+1729+1456 -> 15082 | C58: 1658 | D58: =1670+1062 -> 2732 | E58: =F58+G58+H58+I58+J58 -> 1062 | H58: 551 | I58: 511 | K58: =172+272 -> 444 | L58: =299+177 -> 476 | N58: 1062 | O58: =+D58/C58 -> 1.6477684
A59: An Giang | B59: =19101+1605+2057+920+1082 -> 24765 | C59: 3198 | D59: =1089+517 -> 1606 | E59: =F59+G59+H59+I59+J59 -> 517 | H59: 244 | I59: 273 | K59: 409 | L59: =238+11 -> 249 | N59: 409 | O59: =+D59/C59 -> 0.50218887
A60: Vinh Long | B60: =SUM(C60:G60) -> 0 | C60: 0 | E60: =F60+G60+H60+I60+J60 -> 0
A61: Tan Cang - Sa Dec | B61: 19597 | C61: 2223 | D61: =949+632 -> 1581 | E61: =F61+G61+H61+I61+J61 -> 632 | H61: 316 | I61: 316 | K61: 632 | L61: =316 -> 316 | N61: 632 | O61: =+D61/C61 -> 0.71120108
A62: Tan Cang - Thốt Nốt (*) | E62: =F62+G62+H62+I62+J62 -> 0 | O62: 0
A63: VIMC- Hậu Giang | B63: =3284+527+85+247+741+628+585 -> 6097 | C63: 666 | D63: =703+210 -> 913 | E63: =F63+G63+H63+I63+J63 -> 210 | H63: 86 | I63: 124 | K63: 172 | L63: =10+119 -> 129 | N63: 210
A65: TỔNG CỘNG | B65: =B6+B26+B32+B45+B55 -> 18561273 | C65: =C6+C26+C32+C45+C55 -> 2421132 | D65: =D6+D26+D32+D45+D55 -> 3149788 | E65: =E6+E26+E32+E45+E55 -> 1358284 | F65: =F6+F26+F32+F45+F55 -> 553743 | G65: =G6+G26+F32+G45+G55 -> 584544 | H65: =H6+H26+G32+H45+H55 -> 223936 | I65: =I6+I26+H32+I45+I55 -> 103011 | J65: =J6+J26+I32+J45+J55 -> 114843 | K65: =K6+K26+J32+K45+K55 -> 47199 | L65: =L6+L26+K32+L45+L55 -> 215987 | M65: =M6+M26+L32+M45+M55 -> 69086 | N65: =N6+N26+M32+N45+N55 -> 49912 | O65: =+D65/C65 -> 1.3009567
E66: Đúng | M66: Ngày 14 tháng 03 năm 2024
D68: Tháng 1 | E68: Tháng 2 | F68: Tháng 3 | G68: Tháng 4 | H68: Tháng 5 | I68: Tháng 6 | J68: Tháng 7 | K68: Tháng 8 | L68: Tháng 9 | M68: Tháng 10 | N68: Tháng 11 | O68: Tháng 12 | P68: Năm 2024
B69: Sản lượng hàng tháng | D69: 1845076 | E69: 1453853.1 | P69: =SUM(D69:O69) -> 3298929.1
B70: % so với tháng trước đó | E70: =IF(D69>0,E69/D69,0)*100 -> 78.796382 | F70: =IF(E69>0,F69/E69,0)*100 -> 0 | G70: =IF(F69>0,G69/F69,0)*100 -> 0 | H70: =IF(G69>0,H69/G69,0)*100 -> 0 | I70: =IF(H69>0,I69/H69,0)*100 -> 0 | J70: =IF(H69>0,J69/H69,0)*100 -> 0 | K70: =IF(J69>0,K69/J69,0)*100 -> 0 | L70: =IF(K69>0,L69/K69,0)*100 -> 0 | M70: =IF(L69>0,M69/L69,0)*100 -> 0 | N70: =IF(M69>0,N69/M69,0)*100 -> 0 | O70: =IF(N69>0,O69/N69,0)*100 -> 0
A72: (*) Cảng chưa là thành viên VPA (số liệu được ước tính/tham khảo/cung cấp từ nguồn khác). Riêng số liệu năm 2022 của Gemalink có tính bx sà lan.
A73: Kể từ năm 2012, sản lượng thông qua không tính bốc xếp sà lan.
A74: Số liệu container trung chuyển, container 20', rỗng, lạnh và GN qua Sà lan không chính xác do nhiều cảng chưa thống kê đầy đủ
A75: Những ô để trống: không có số liệu (khác với trường hợp có số liệu = 0)
A76: Ban Thư ký VPA chân thành cám ơn các cảng đã cung cấp số liệu chi tiết nêu trên.
A77: Kính đề nghị các cảng xem xét và chỉnh sửa, bổ sung và báo ngay dùm cho BTK, nếu có thiếu sót.
A78: Dự kiến sẽ cung cấp thường xuyên số liệu cập nhật và chi tiết hơn cho các cảng để tham khảo, sử dụng.
B80: Container (Tấn>TEU) qua CMTV từng tháng năm 2024 có tính BX sà lan (Thông tin tham khảo thêm)
B81: Cảng | D81: Thang 1 | E81: Thang 2 | F81: Thang 3 | G81: Thang 4 | H81: Thang 5 | I81: Thang 6 | J81: Thang 7 | K81: Thang 8 | L81: Thang 9 | M81: Thang 10 | N81: Thang 11 | O81: Thang 12 | P81: Năm 2023 | Q81: Thị phần %
B82: Gemalink | D82: 250647.57 | E82: 303326.79 | P82: =SUM(D82:O82) -> 553974.36 | Q82: =P82/$P$88 -> 0.36806054
B83: TCCT | D83: 51557.786 | E83: 38594.857 | P83: =SUM(D83:O83) -> 90152.643 | Q83: =P83/$P$88 -> 0.059897412
B84: TCIT | D84: 157521.86 | E84: 160543.86 | P84: =SUM(D84:O84) -> 318065.71 | Q84: =P84/$P$88 -> 0.21132285
B85: TCTT | D85: 129327.71 | E85: 98880.786 | P85: =SUM(D85:O85) -> 228208.5 | Q85: =P85/$P$88 -> 0.15162172
B86: SSIT | D86: 81303.643 | E86: 79785.571 | P86: =SUM(D86:O86) -> 161089.21 | Q86: =P86/$P$88 -> 0.10702767
B87: CMIT | D87: 79967.429 | E87: 73659.643 | P87: =SUM(D87:O87) -> 153627.07 | Q87: =P87/$P$88 -> 0.10206982
D88: =SUM(D82:D87) -> 750326 | E88: =SUM(E82:E87) -> 754791.5 | F88: =SUM(F82:F87) -> 0 | G88: =SUM(G82:G87) -> 0 | H88: =SUM(H82:H87) -> 0 | I88: =SUM(I82:I87) -> 0 | J88: =SUM(J82:J87) -> 0 | K88: =SUM(K82:K87) -> 0 | ... O88: =SUM(O82:O87) -> 0 | P88: =SUM(D88:O88) -> 1505117.5 | Q88: =P88/$P$88 -> 1

Sheet T03-2024
A1: VPA - SẢN LƯỢNG CONTAINER (TEU) - THÁNG 3 NĂM 2024 / 2023
A3: KHU VỰC / Cảng | B3: Năm 2023 | C3: 3T 2023 | D3: 3T 2024 | E3: THÁNG 3-2024 | O3: 3T (2024 / 2023)
E4: CỘNG | F4: Nhập Ngoại | G4: Xuất Ngoại | H4: Nhập nội | I4: Xuất nội | J4: Trung chuyển | K4: 20' | L4: Rỗng | M4: Lạnh | N4: GN qua sà lan
A6: MIỀN BẮC | B6: =SUM(B8:B18) -> 4518182 | C6: =SUM(C8:C17) -> 937239 | D6: =SUM(D8:D18) -> 1213842 | E6: =SUM(E8:E18) -> 440777 | F6: =SUM(F8:F17) -> 181324 | G6: =SUM(G8:G17) -> 174400 | H6: =SUM(H8:H17) -> 33903 | I6: =SUM(I8:I17) -> 33816 | O6: =+D6/C6 -> 1.2951254
A7: Quang Ninh | E7: =SUM(F7:J7) -> 0
A8: Cái Lân (CICT) | E8: =SUM(F8:J8) -> 0
A9: Hai Phong (Chùa Vẽ+Tân Vũ) | B9: =715133+126685+111732+106510+95851+111311 -> 1267222 | C9: =82758+91092+118158 -> 292008 | D9: =108077+85467+113186 -> 306730 | E9: =SUM(F9:J9) -> 113186 | F9: 41601 | G9: 38371 | H9: 18288 | I9: 14926 | O9: =+D9/C9 -> 1.0504164
A10: HICT (Lạch Huyện, HP) | B10: 1272859 | C10: =86070+54004+87940 -> 228014 | D10: =148719+103732+138638 -> 391089 | E10: =SUM(F10:J10) -> 138638 | F10: 68827 | G10: 69811 | K10: =8023+8816 -> 16839 | L10: =2206+547 -> 2753 | O10: =+D10/C10 -> 1.7151973
A11: Đoạn Xá | E11: =SUM(F11:J11) -> 0
A12: Đình vũ | B12: 491959 | C12: =73578+42605 -> 116183 | D12: =39231+38035+45839 -> 123105 | E12: =SUM(F12:J12) -> 45839 | F12: 22862 | G12: 21645 | H12: 496 | I12: 836 | O12: =+D12/C12 -> 1.0595784
A13: Nam Hải Đình Vũ | B13: 149160 | C13: =65905+27400 -> 93305 | D13: 0 | E13: =SUM(F13:J13) -> 0
A14: Nam Đình Vũ | B14: =27700+42263+60649+60306+68982+89333+103549+96251+80177+83538+83985+100491 -> 897224 | C14: =27700+42263+60649 -> 130612 | D14: =107401+71667+97692 -> 276760 | E14: =SUM(F14:J14) -> 97692 | F14: 45662 | G14: 42066 | H14: 4367 | I14: 5597 | K14: 24730 | L14: =3439+6882+423+396 -> 11140 | M14: 6769 | N14: 1095 | O14: =+D14/C14 -> 2.1189477
A15: Tân Cảng 128 Hải Phòng | B15: =6147+7479+7850+9613+8350+10297+8331+8950+9929+9191+7491+7125 -> 100753 | C15: =6147+7479+7850 -> 21476 | D15: =5818+3471+4879 -> 14168 | E15: =SUM(F15:J15) -> 4879 | F15: 2372 | G15: 2507 | K15: =650+526 -> 1176 | L15: =54+341 -> 395 | O15: =+D15/C15 -> 0.65971317
A16: Transvina | B16: =540+350 -> 890 | C16: =436+48 -> 484 | D16: 48 | E16: 48
A17: PTSC Đình Vũ | B17: =14801+21013+19343+20052+25339+15490+23521+25450+24091+25115+25902+30182 -> 270299 | C17: =14801+21013+19343 -> 55157 | D17: =29509+14652+23209 -> 67370 | E17: =SUM(F17:J17) -> 23209 | H17: 10752 | I17: 12457 | K17: 6747 | L17: =26+1331 -> 1357 | O17: =+D17/C17 -> 1.2214225
A18: VIMC Đình Vũ | B18: 67816 | D18: 34572 | E18: 17286
A19: Vip Green Port (*) | B19: 633659 | C19: 153559 | D19: 161928 | E19: 41734 | O19: =+D19/C19 -> 1.0545002
A20: Green Port (*) | B20: 255481 | C20: 62895 | D20: 65139 | E20: 17640 | O20: =+D20/C20 -> 1.0356785
A21: Mipec (*) | B21: 92242 | C21: 36650 | D21: 15392 | E21: 4335 | O21: =+D21/C21 -> 0.41997271
A22: Hải An (*) | B22: 400078 | C22: 87163 | D22: 105619 | E22: 30507 | O22: =+D22/C22 -> 1.2117412
A23: TC 189 Hải Phòng (*) | B23: 171077 | C23: 42937 | D23: 49437 | E23: 12059 | O23: =+D23/C23 -> 1.1513846
A24: Nam Hải Dình Vũ (*) | B24: 270677 | C24: 93350 | D24: 44825 | E24: 9654 | O24: =+D24/C24 -> 0.48018211
A26: MIỀN TRUNG | B26: =SUM(B27:B30) -> 860026 | C26: =SUM(C27:C30) -> 199040 | D26: =SUM(D27:D30) -> 237956 | E26: =SUM(E27:E30) -> 84611 | F26: =SUM(F27:F30) -> 28311 | G26: =SUM(G27:G30) -> 33680 | H26: =SUM(H27:H30) -> 12919 | I26: =SUM(I27:I30) -> 9701 | ... L26: =SUM(L27:L30) -> 3846 | N26: =SUM(N27:N30) -> 0 | O26: =+D26/C26 -> 1.1955185
A27: Nghe Tinh | B27: =30481+3346 -> 33827 | C27: =5142+2738 -> 7880 | D27: =4188+2189+2953 -> 9330 | E27: =SUM(F27:J27) -> 2953 | H27: 1280 | I27: 1673 | K27: 1629 | L27: =304 -> 304 | O27: =+D27/C27 -> 1.1840102
A28: Da Nang | B28: 675254 | C28: =42268+44857+61528 -> 148653 | D28: =64505+48073+62185 -> 174763 | E28: =SUM(F28:J28) -> 62185 | F28: 22176 | G28: 24180 | H28: 8051 | I28: 7778 | K28: =4578+5146+1858+803 -> 12385 | L28: =592+336+559+1043 -> 2530 | O28: =+D28/C28 -> 1.1756439
A29: Quy Nhon | B29: =120488+12239+18218 -> 150945 | C29: =15404+10234+16869 -> 42507 | D29: =22490+11900+19473 -> 53863 | E29: =SUM(F29:J29) -> 19473 | F29: 6135 | G29: 9500 | H29: 3588 | I29: 250 | K29: =329+1129+143+124 -> 1725 | L29: =592+35+337+48 -> 1012 | O29: =+D29/C29 -> 1.267156
A30: Cam Ranh | B30: 0 | C30: 0 | E30: =F30+G30+H30+I30+J30 -> 0
A32: TP HCM | B32: =SUM(B33:B43) -> 8314054 | C32: =SUM(C33:C43) -> 1873241 | D32: =SUM(D33:D43) -> 2114046 | E32: =SUM(E33:E43) -> 763512 | F32: =SUM(F33:F43) -> 295535 | G32: =SUM(G33:G43) -> 256030 | H32: =SUM(H33:H43) -> 93428 | I32: =SUM(I33:I43) -> 117574 | ... N32: =SUM(N33:N43) -> 67978 | O32: =+D32/C32 -> 1.1285499
A33: Binh Duong | B33: =439746+58130+61049 -> 558925 | C33: =39360+31413+40944 -> 111717 | D33: 176793 | E33: =SUM(F33:J33) -> 57750 | H33: 18731 | I33: 39019 | K33: 1718 | L33: =14572 -> 14572 | O33: =+D33/C33 -> 1.5825076
A34: Đồng Nai | B34: =506252+63971 -> 570223 | C34: =32272+30238+40100 -> 102610 | D34: =58796+40986+58237 -> 158019 | E34: =SUM(F34:J34) -> 58237 | H34: 9334 | I34: 48903 | K34: 2429 | L34: =9141+8 -> 9149 | N34: 58237 | O34: =+D34/C34 -> 1.5399961
A35: ITC- CORP | B35: =42017+51282+45948+47390+55304+49234+45680+47437+43911+34616+30188+41910 -> 534917 | C35: =42017+51282+45948 -> 139247 | D35: =43919+38655+49389 -> 131963 | E35: =SUM(F35:J35) -> 49389 | F35: 17718 | G35: 24942 | H35: 2520 | I35: 3337 | J35: 872 | K35: =7963+18741+1494+1328+268 -> 29794 | L35: =1195+154+105+121+220 -> 1795 | N35: 8443 | O35: =+D35/C35 -> 0.94769008 | P35: Dieu chinh
A36: Cảng Sai Gòn | B36: =154869+18461+17185+18184+22072 -> 230771 | C36: =9329+13814+20636 -> 43779 | D36: =20214+11681+23581 -> 55476 | E36: =SUM(F36:J36) -> 23581 | G36: 49 | H36: 11426 | I36: 12106 | K36: =49+2931+3501 -> 6481 | L36: =1009+605 -> 1614 | M36: 224 | O36: =+D36/C36 -> 1.2671829
A37: Ben Nghe | B37: =50925+32855+32535+28886+28236+30552+33558+32390+29858+33841+31383 -> 365019 | C37: =50925+32855 -> 83780 | D37: =36191+20920+29070 -> 86181 | E37: =SUM(F37:J37) -> 29070 | H37: 14861 | I37: 14209 | K37: =4498+4628 -> 9126 | L37: =361+3 -> 364 | N37: 40 | O37: =+D37/C37 -> 1.0286584
A38: Tan Cang - Hiệp Phước | B38: =5696+3958+5815+9110+7468+13154+12856+16704+16494+13524+11707+13991 -> 130477 | C38: =5696+3958+5815 -> 15469 | D38: =12008+9467+14763 -> 36238 | E38: =SUM(F38:J38) -> 14763 | F38: 4485 | G38: 10205 | J38: 73 | K38: =1737+1888 -> 3625 | L38: =60+1231+47 -> 1338 | N38: 36 | O38: =+D38/C38 -> 2.3426207
A39: Tan Cang - Cat Lai | B39: =372397+393542+480876+438506+433683+444706+469051+460647+432596+460939+470477+474708 -> 5332128 | C39: =372397+393542+480876 -> 1246815 | D39: =492323+373517+489518 -> 1355358 | E39: =SUM(F39:J39) -> 489518 | F39: 269644 | G39: 219874 | K39: 164862 | L39: =34561+16350 -> 50911 | O39: =+D39/C39 -> 1.0870562
A40: VICT | B40: =32440+39588+48102+43548+41412+40968+51704+51435+55440+57617+45700+41689 -> 549643 | C40: =32440+39588+48102 -> 120130 | D40: =41444+27037+39698 -> 108179 | E40: =SUM(F40:J40) -> 39698 | F40: 3142 | H40: 36556 | O40: =+D40/C40 -> 0.90051611
A41: SPCT | B41: =SUM(D41:G41) -> 0 | C41: =SUM(D41:G41) -> 0 | E41: =SUM(F41:J41) -> 0
A42: Lotus | B42: =2388+2166+2181+2143+2735+2159+2232+3124+2401+2891+2264+3229 -> 29913 | C42: =2388+2166+2181 -> 6735 | D42: =1591+185+300 -> 2076 | E42: =SUM(F42:J42) -> 300 | F42: 148 | G42: 152 | K42: 300 | L42: =148 -> 148 | N42: 16 | O42: =+D42/C42 -> 0.30824053
A43: Phuoc Long ICD | B43: 12038 | C43: =856+1105+998 -> 2959 | D43: =1121+1436+1206 -> 3763 | E43: =SUM(F43:J43) -> 1206 | F43: 398 | G43: 808 | K43: =37+186 -> 223 | L43: =29 -> 29 | N43: 1206 | O43: =+D43/C43 -> 1.2717134
A45: BR-VT | B45: =SUM(B46:B53) -> 4797590 | C45: =SUM(C46:C53) -> 969140 | D45: =SUM(D46:D53) -> 1320548 | E45: =SUM(E46:E53) -> 454945 | F45: =SUM(F46:F53) -> 193996 | G45: =SUM(G46:G53) -> 231086 | H45: =SUM(H46:H53) -> 5745 | I45: =SUM(I46:I53) -> 2677 | ... N45: =SUM(N46:N53) -> 40409 | O45: =+D45/C45 -> 1.3625978
A46: SP-PSA | B46: 0 | C46: 0 | E46: =F46+G46+H46+I46+J46 -> 0
A47: Tân Cảng - TCIT | B47: =127394+89400+147995+127434+174236+176428+189135+187087+174544+192913+163797+135579 -> 1885942 | C47: 364769 | D47: =152617+131920+130997 -> 415534 | E47: 130997 | F47: 56438 | G47: 59645 | H47: 5729 | I47: 2677 | J47: 6448 | K47: 15527 | L47: =38381+954+253+1615+2658 -> 43861 | O47: =+D47/C47 -> 1.1391703
A48: Tân Cảng - TCCT
A49: Tân Cảng - TCTT (TCOT cũ) | B49: =47356+52560+79724+85499+66734+68133+73487+69407+60723+61109+72181+84025 -> 820938 | C49: 179640 | D49: =97537+55586+99611 -> 252734 | E49: =SUM(F49:J49) -> 99611 | F49: 45559 | G49: 49952 | J49: 4100 | K49: 8813 | L49: =31381+2289+1385 -> 35055 | N49: 4063 | O49: =+D49/C49 -> 1.4068916
A50: CMIT | B50: =38855+42860+48337+46082+47751+44611+75076+55809+60576+63502+55882+64932 -> 644273 | C50: 130052 | D50: =59734+65037+69566 -> 194337 | E50: =SUM(F50:J50) -> 69566 | F50: 25959 | G50: 34062 | J50: 9545 | K50: =19426+252+51 -> 19729 | O50: =+D50/C50 -> 1.4943023
A51: SSIT | B51: =38927+25455+65397+44769+34250+34453+44944+60275+38990+46527+28707+33843 -> 496537 | C51: 129779 | D51: =47624+41548+39771 -> 128943 | E51: =SUM(F51:J51) -> 39771 | F51: 13430 | G51: 25037 | H51: 16 | J51: 1288 | K51: =1319+5917+16 -> 7252 | L51: =2139+2+120 -> 2261 | N51: 36346 | O51: =+D51/C51 -> 0.99355828
A52: GEMALINK (*) | B52: 949900 | C52: 164900 | D52: 329000 | E52: =SUM(F52:G52) -> 115000 | F52: 52610 | G52: 62390 | O52: =+D52/C52 -> 1.9951486
A53: SITV
F54: 0.45748189 | G54: 0.54251811
A55: ĐỒNG BẰNG SCL | B55: =SUM(B56:B63) -> 71421 | C55: 16821 | D55: =SUM(D56:D63) -> 11735 | E55: =SUM(E56:E63) -> 4494 | F55: =SUM(F56:F63) -> 254 | G55: =SUM(G56:G63) -> 255 | H55: =SUM(H56:H63) -> 2082 | I55: =SUM(I56:I63) -> 1903 | J55: =SUM(J56:J63) -> 0 | K55: =SUM(K56:K63) -> 2870 | ... N55: =SUM(N56:N63) -> 3705 | O55: =+D55/C55 -> 0.69763985
A56: Can Tho/ Cái Cui | B56: =122+557+792+366+499+468+393+769+628+559+497+230 -> 5880 | C56: 1471 | D56: =335+74+675 -> 1084 | E56: =SUM(F56:J56) -> 675 | H56: 404 | I56: 271 | K56: =34+65 -> 99 | L56: =90+18 -> 108 | O56: =+D56/C56 -> 0.73691366
A57: Tân Cảng Cái Cui | C57: 0 | E57: =SUM(F57:J57) -> 0
A58: Tra Noc CT | B58: =774+884+1093+1806+989+1127+1587+1317+1182+1138+1729+1456 -> 15082 | C58: 2751 | D58: =1670+1062+1129 -> 3861 | E58: =SUM(F58:J58) -> 1129 | H58: 550 | I58: 579 | K58: =213+285 -> 498 | L58: =211+166 -> 377 | N58: 1129 | O58: =+D58/C58 -> 1.4034896
A59: An Giang | B59: =19101+1605+2057+920+1082 -> 24765 | C59: 7270 | D59: =1089+517+1381 -> 2987 | E59: =SUM(F59:J59) -> 1381 | H59: 678 | I59: 703 | K59: 1267 | L59: =674+4 -> 678 | N59: 1267 | O59: =+D59/C59 -> 0.41086657
A60: Vinh Long | B60: =SUM(D60:G60) -> 0 | C60: 0 | E60: =SUM(F60:J60) -> 0
A61: Tan Cang - Sa Dec | B61: 19597 | C61: 3943 | D61: =949+632+800 -> 2381 | E61: =SUM(F61:J61) -> 800 | H61: 450 | I61: 350 | K61: 800 | L61: =450 -> 450 | N61: 800 | O61: =+D61/C61 -> 0.60385493
A62: Tan Cang - Thốt Nốt (*) | E62: =SUM(F62:J62) -> 0
A63: VIMC- Hậu Giang | B63: =3284+527+85+247+741+628+585 -> 6097 | C63: 1386 | D63: =703+210+509 -> 1422 | E63: =SUM(F63:J63) -> 509 | F63: 254 | G63: 255 | K63: =194+12 -> 206 | L63: =199 -> 199 | N63: 509 | O63: =+D63/C63 -> 1.025974
A65: TỔNG CỘNG | B65: =B6+B26+B32+B45+B55 -> 18561273 | C65: =C6+C26+C32+C45+C55 -> 3995481 | D65: =D6+D26+D32+D45+D55 -> 4898127 | E65: =E6+E26+E32+E45+E55 -> 1748339 | F65: =F6+F26+F32+F45+F55 -> 699420 | G65: =G6+G26+F32+G45+G55 -> 734956 | H65: =H6+H26+G32+H45+H55 -> 310679 | I65: =I6+I26+H32+I45+I55 -> 141525 | J65: =J6+J26+I32+J45+J55 -> 138955 | K65: =K6+K26+J32+K45+K55 -> 70875 | L65: =L6+L26+K32+L45+L55 -> 305393 | M65: =M6+M26+L32+M45+M55 -> 79920 | N65: =N6+N26+M32+N45+N55 -> 44338 | O65: =+D65/C65 -> 1.2259167
E66: Đúng | M66: Ngày 13 tháng 04 năm 2024
D68: Tháng 1 | E68: Tháng 2 | F68: Tháng 3 | G68: Tháng 4 | H68: Tháng 5 | I68: Tháng 6 | J68: Tháng 7 | K68: Tháng 8 | L68: Tháng 9 | M68: Tháng 10 | N68: Tháng 11 | O68: Tháng 12 | P68: Năm 2024
B69: Sản lượng hàng tháng | D69: 1845076 | E69: 1453853.1 | F69: 1812679 | P69: =SUM(D69:O69) -> 5111608.1
B70: % so với tháng trước đó | E70: =IF(D69>0,E69/D69,0)*100 -> 78.796382 | F70: =IF(E69>0,F69/E69,0)*100 -> 124.68103 | G70: =IF(F69>0,G69/F69,0)*100 -> 0 | H70: =IF(G69>0,H69/G69,0)*100 -> 0 | I70: =IF(H69>0,I69/H69,0)*100 -> 0 | J70: =IF(H69>0,J69/H69,0)*100 -> 0 | K70: =IF(J69>0,K69/J69,0)*100 -> 0 | L70: =IF(K69>0,L69/K69,0)*100 -> 0 | M70: =IF(L69>0,M69/L69,0)*100 -> 0 | N70: =IF(M69>0,N69/M69,0)*100 -> 0 | O70: =IF(N69>0,O69/N69,0)*100 -> 0
A72: (*) Cảng chưa là thành viên VPA (số liệu được ước tính/tham khảo/cung cấp từ nguồn khác). Riêng số liệu năm 2022 của Gemalink có tính bx sà lan.
A73: Kể từ năm 2012, sản lượng thông qua không tính bốc xếp sà lan.
A74: Số liệu container trung chuyển, container 20', rỗng, lạnh và GN qua Sà lan không chính xác do nhiều cảng chưa thống kê đầy đủ
A75: Những ô để trống: không có số liệu (khác với trường hợp có số liệu = 0)
A76: Ban Thư ký VPA chân thành cám ơn các cảng đã cung cấp số liệu chi tiết nêu trên.
A77: Kính đề nghị các cảng xem xét và chỉnh sửa, bổ sung và báo ngay dùm cho BTK, nếu có thiếu sót.
A78: Dự kiến sẽ cung cấp thường xuyên số liệu cập nhật và chi tiết hơn cho các cảng để tham khảo, sử dụng.
B80: Container (Tấn>TEU) qua CMTV từng tháng năm 2024 có tính BX sà lan (Thông tin tham khảo thêm)
B81: Cảng | D81: Thang 1 | E81: Thang 2 | F81: Thang 3 | G81: Thang 4 | H81: Thang 5 | I81: Thang 6 | J81: Thang 7 | K81: Thang 8 | L81: Thang 9 | M81: Thang 10 | N81: Thang 11 | O81: Thang 12 | P81: Năm 2023 | Q81: Thị phần %
B82: Gemalink | D82: 250647.57 | E82: 303326.79 | F82: 278308.29 | P82: =SUM(D82:O82) -> 832282.64 | Q82: =P82/$P$88 -> 0.36016927
B83: TCCT | D83: 51557.786 | E83: 38594.857 | F83: 40995.357 | P83: =SUM(D83:O83) -> 131148 | Q83: =P83/$P$88 -> 0.056754132
B84: TCIT | D84: 157521.86 | E84: 160543.86 | F84: 156602.71 | P84: =SUM(D84:O84) -> 474668.43 | Q84: =P84/$P$88 -> 0.20541217
B85: TCTT | D85: 129327.71 | E85: 98880.786 | F85: 142655.5 | P85: =SUM(D85:O85) -> 370864 | Q85: =P85/$P$88 -> 0.16049093
B86: SSIT | D86: 81303.643 | E86: 79785.571 | F86: 99571 | P86: =SUM(D86:O86) -> 260660.21 | Q86: =P86/$P$88 -> 0.11280038
B87: CMIT | D87: 79967.429 | E87: 73659.643 | F87: 87559.357 | P87: =SUM(D87:O87) -> 241186.43 | Q87: =P87/$P$88 -> 0.10437312
D88: =SUM(D82:D87) -> 750326 | E88: =SUM(E82:E87) -> 754791.5 | F88: =SUM(F82:F87) -> 805692.21 | G88: =SUM(G82:G87) -> 0 | H88: =SUM(H82:H87) -> 0 | I88: =SUM(I82:I87) -> 0 | J88: =SUM(J82:J87) -> 0 | K88: =SUM(K82:K87) -> 0 | ... O88: =SUM(O82:O87) -> 0 | P88: =SUM(D88:O88) -> 2310809.7 | Q88: =P88/$P$88 -> 1

Sheet T04-2024
A1: VPA - SẢN LƯỢNG CONTAINER (TEU) - THÁNG 4 NĂM 2024 / 2023
A3: KHU VỰC / Cảng | B3: Năm 2023 | C3: 4T 2023 | D3: 4T 2024 | E3: THÁNG 4-2024 | O3: 4T (2024 / 2023)
E4: CỘNG | F4: Nhập Ngoại | G4: Xuất Ngoại | H4: Nhập nội | I4: Xuất nội | J4: Trung chuyển | K4: 20' | L4: Rỗng | M4: Lạnh | N4: GN qua sà lan
A6: MIỀN BẮC | B6: =SUM(B8:B18) -> 4518182 | C6: =SUM(C8:C18) -> 1300764 | D6: =SUM(D8:D18) -> 1651414 | E6: =SUM(E8:E18) -> 433766 | F6: =SUM(F8:F17) -> 179216 | G6: =SUM(G8:G17) -> 178752 | H6: =SUM(H8:H17) -> 29623 | I6: =SUM(I8:I17) -> 34760 | O6: =+D6/C6 -> 1.2695723
A7: Quang Ninh | E7: =SUM(F7:J7) -> 0
A8: Cái Lân (CICT) | E8: =SUM(F8:J8) -> 0
A9: Hai Phong (Chùa Vẽ+Tân Vũ) | B9: =715133+126685+111732+106510+95851+111311 -> 1267222 | C9: 393464 | D9: =108077+85467+113186+113042 -> 419772 | E9: =SUM(F9:J9) -> 113042 | F9: 42090 | G9: 42696 | H9: 11676 | I9: 16580 | O9: =+D9/C9 -> 1.0668625
A10: HICT (Lạch Huyện, HP) | B10: 1272859 | C10: 325328 | D10: =148719+103732+138638+114388 -> 505477 | E10: =SUM(F10:J10) -> 114388 | F10: 52399 | G10: 61989 | K10: =7464+7196 -> 14660 | L10: =2121+779 -> 2900 | O10: =+D10/C10 -> 1.5537458
A11: Đoạn Xá | E11: =SUM(F11:J11) -> 0
A12: Đình vũ | B12: 491959 | C12: 158796 | D12: =39231+38035+45839+55212 -> 178317 | E12: =SUM(F12:J12) -> 55212 | F12: 28482 | G12: 24879 | H12: 1284 | I12: 567 | K12: =7787+3629+242+85 -> 11743 | L12: =29+3020+242+6 -> 3297 | M12: 0 | N12: 0 | O12: =+D12/C12 -> 1.1229313
A13: Nam Hải Đình Vũ | B13: 149160 | C13: 122737 | D13: 0 | E13: =SUM(F13:J13) -> 0
A14: Nam Đình Vũ | B14: =27700+42263+60649+60306+68982+89333+103549+96251+80177+83538+83985+100491 -> 897224 | C14: 190918 | D14: =107401+71667+97692+112321 -> 389081 | E14: =SUM(F14:J14) -> 112321 | F14: 56245 | G14: 49188 | H14: 3248 | I14: 3640 | K14: =12240+9149+672+962 -> 23023 | L14: =1231+4145+70+46 -> 5492 | M14: 4808 | N14: 452 | O14: =+D14/C14 -> 2.0379482
A15: Tân Cảng 128 Hải Phòng | B15: =6147+7479+7850+9613+8350+10297+8331+8950+9929+9191+7491+7125 -> 100753 | C15: 31089 | D15: =5818+3471+4879+3146 -> 17314 | E15: =SUM(F15:J15) -> 3146 | H15: 1502 | I15: 1644 | K15: 678 | L15: =283+670 -> 953 | N15: 3146 | O15: =+D15/C15 -> 0.55691724
A16: Transvina | B16: =540+350 -> 890 | C16: 0 | D16: =528 -> 528 | E16: 44
A17: PTSC Đình Vũ | B17: =14801+21013+19343+20052+25339+15490+23521+25450+24091+25115+25902+30182 -> 270299 | C17: 75209 | D17: =29509+14652+23209+24242 -> 91612 | E17: =SUM(F17:J17) -> 24242 | H17: 11913 | I17: 12329 | K17: 7162 | L17: =214+1539 -> 1753 | O17: =+D17/C17 -> 1.2180989
A18: VIMC Đình Vũ | B18: 67816 | C18: 3223 | D18: =37942+11371 -> 49313 | E18: 11371
A19: Vip Green Port (*) | B19: 633659 | C19: 153559 | D19: =161928+54011 -> 215939 | E19: 54011 | O19: =+D19/C19 -> 1.4062282
A20: Green Port (*) | B20: 255481 | C20: 62895 | D20: 86240 | E20: 21101 | O20: =+D20/C20 -> 1.3711742
A21: Mipec (*) | B21: 92242 | C21: 36650 | D21: =15392+5518 -> 20910 | E21: 5518 | O21: =+D21/C21 -> 0.57053206
A22: Hải An (*) | B22: 400078 | C22: 87163 | D22: =36183+30507+38929+42926 -> 148545 | E22: 42926 | O22: =+D22/C22 -> 1.7042208
A23: TC 189 Hải Phòng (*) | B23: 171077 | C23: 42937 | D23: 60794 | E23: 11357 | O23: =+D23/C23 -> 1.4158884
A24: Nam Hải Dình Vũ (*) | B24: 270677 | C24: 93350 | D24: =22071+9654+13100+21751 -> 66576 | E24: 21751 | O24: =+D24/C24 -> 0.71318693
A25: Nam Hải | D25: =3457+12735 -> 16192 | E25: 16192
A28: MIỀN TRUNG | B28: =SUM(B29:B32) -> 860026 | C28: =SUM(C29:C32) -> 267214 | D28: =SUM(D29:D32) -> 320362 | E28: =SUM(E29:E32) -> 82406 | F28: =SUM(F29:F32) -> 28771 | G28: =SUM(G29:G32) -> 33832 | H28: =SUM(H29:H32) -> 11638 | I28: =SUM(I29:I32) -> 8165 | ... L28: =SUM(L29:L32) -> 4788 | N28: =SUM(N29:N32) -> 0 | O28: =+D28/C28 -> 1.1988968
A29: Nghe Tinh | B29: =30481+3346 -> 33827 | C29: 10163 | D29: =4188+2189+2953+3363 -> 12693 | E29: =SUM(F29:J29) -> 3363 | H29: 1788 | I29: 1575 | K29: 1471 | L29: =1027+1 -> 1028 | O29: =+D29/C29 -> 1.2489422
A30: Da Nang | B30: 675254 | C30: 202656 | D30: =64505+48073+62185+62452 -> 237215 | E30: =SUM(F30:J30) -> 62452 | F30: 22899 | G30: 25053 | H30: 7988 | I30: 6512 | K30: =4375+3715+1553+1004 -> 10647 | L30: =384+1560+389+788 -> 3121 | O30: =+D30/C30 -> 1.1705304
A31: Quy Nhon | B31: =120488+12239+18218 -> 150945 | C31: 54395 | D31: =22490+11900+19473+16591 -> 70454 | E31: =SUM(F31:J31) -> 16591 | F31: 5872 | G31: 8779 | H31: 1862 | I31: 78 | K31: =177+991+79+69 -> 1316 | L31: =437+8+189+5 -> 639 | M31: 0 | N31: 0 | O31: =+D31/C31 -> 1.2952293
A32: Cam Ranh | B32: 0 | E32: =F32+G32+H32+I32+J32 -> 0
A34: TP HCM | B34: =SUM(B35:B45) -> 8314054 | C34: =SUM(C35:C45) -> 2559334 | D34: =SUM(D35:D45) -> 2898765 | E34: =SUM(E35:E45) -> 784719 | F34: =SUM(F35:F45) -> 338620 | G34: =SUM(G35:G45) -> 295109 | H34: =SUM(H35:H45) -> 74547 | I34: =SUM(I35:I45) -> 75579 | ... N34: =SUM(N35:N45) -> 62104 | O34: =+D34/C34 -> 1.1326247
A35: Binh Duong | B35: =439746+58130+61049 -> 558925 | C35: 160002 | D35: =176793+71526 -> 248319 | E35: =SUM(F35:J35) -> 71526 | F35: 19960 | G35: 51566 | O35: =+D35/C35 -> 1.5519744
A36: Đồng Nai | B36: =506252+63971 -> 570223 | C36: 151336 | D36: =58796+40986+58237+58418 -> 216437 | E36: =SUM(F36:J36) -> 58418 | H36: 10441 | I36: 47977 | K36: =68+1725 -> 1793 | L36: =257+0 -> 257 | M36: 128 | N36: 58418 | O36: =+D36/C36 -> 1.4301752
A37: ITC- CORP | B37: =42017+51282+45948+47390+55304+49234+45680+47437+43911+34616+30188+41910 -> 534917 | C37: 186637 | D37: =43919+38655+49389+49920 -> 181883 | E37: =SUM(F37:J37) -> 49920 | F37: 20373 | G37: 23783 | H37: 2526 | I37: 2422 | J37: 816 | K37: =1224+7305+622+401+54 -> 9606 | L37: =1224+138+46+1+198 -> 1607 | N37: 1876 | O37: =+D37/C37 -> 0.97452809
A38: Cảng Sai Gòn | B38: =154869+18461+17185+18184+22072 -> 230771 | C38: 58532 | D38: =20214+11681+23581+25619 -> 81095 | E38: =SUM(F38:J38) -> 25619 | H38: 13073 | I38: 12546 | K38: =3260+2945 -> 6205 | L38: =735+719 -> 1454 | M38: 197 | N38: 0 | O38: =+D38/C38 -> 1.3854814
A39: Ben Nghe | B39: =50925+32855+32535+28886+28236+30552+33558+32390+29858+33841+31383 -> 365019 | C39: 116315 | D39: =36191+20920+29070+23929 -> 110110 | E39: =SUM(F39:J39) -> 23929 | H39: 12388 | I39: 11541 | K39: =4187+3694 -> 7881 | L39: =169+217 -> 386 | O39: =+D39/C39 -> 0.94665348
A40: Tan Cang - Hiệp Phước | B40: =5696+3958+5815+9110+7468+13154+12856+16704+16494+13524+11707+13991 -> 130477 | C40: 24579 | D40: =12008+9467+14763+14113 -> 50351 | E40: =SUM(F40:J40) -> 14113 | F40: 4135 | G40: 7885 | H40: 952 | I40: 1093 | J40: 48 | K40: 5853 | L40: =920+4510+384+534+48 -> 6396 | N40: 11 | O40: =+D40/C40 -> 2.0485374
A41: Tan Cang - Cat Lai | B41: =372397+393542+480876+438506+433683+444706+469051+460647+432596+460939+470477+474708 -> 5332128 | C41: 1685321 | D41: =492323+373517+489518+501319 -> 1856677 | E41: =SUM(F41:J41) -> 501319 | F41: 290627 | G41: 210692 | K41: 166691 | L41: =38093+19602 -> 57695 | O41: =+D41/C41 -> 1.1016756
A42: VICT | B42: =32440+39588+48102+43548+41412+40968+51704+51435+55440+57617+45700+41689 -> 549643 | C42: 163678 | D42: =41444+27037+39698+37856 -> 146035 | E42: =SUM(F42:J42) -> 37856 | F42: 2689 | H42: 35167 | O42: =+D42/C42 -> 0.89220909
A43: SPCT | B43: =SUM(D43:G43) -> 0 | C43: 0 | E43: =SUM(F43:J43) -> 0
A44: Lotus | B44: =2388+2166+2181+2143+2735+2159+2232+3124+2401+2891+2264+3229 -> 29913 | C44: 8878 | D44: =1591+185+300+228 -> 2304 | E44: =SUM(F44:J44) -> 228 | F44: 131 | G44: 97 | K44: 228 | L44: =131 -> 131 | N44: 8 | O44: =+D44/C44 -> 0.25951791
A45: Phuoc Long ICD | B45: 12038 | C45: 4056 | D45: 5554 | E45: =SUM(F45:J45) -> 1791 | F45: 705 | G45: 1086 | K45: =62+234 -> 296 | L45: 189 | N45: 1791 | O45: =+D45/C45 -> 1.3693294
A47: BR-VT | B47: =SUM(B48:B55) -> 4797590 | C47: =SUM(C48:C55) -> 1351944 | D47: =SUM(D48:D55) -> 1846199 | E47: =SUM(E48:E55) -> 525651 | F47: =SUM(F48:F55) -> 222659 | G47: =SUM(G48:G55) -> 260130 | H47: =SUM(H48:H55) -> 5784 | I47: =SUM(I48:I55) -> 2760 | ... N47: =SUM(N48:N55) -> 64955 | O47: =+D47/C47 -> 1.3655884
A48: SP-PSA | B48: 0 | C48: 0 | E48: =F48+G48+H48+I48+J48 -> 0
A49: Tân Cảng - TCIT | B49: =127394+89400+147995+127434+174236+176428+189135+187087+174544+192913+163797+135579 -> 1885942 | C49: 492223 | D49: =152617+131920+130997+153389 -> 568923 | E49: =SUM(F49:J49) -> 153389 | F49: 62448 | G49: 75563 | H49: 5784 | I49: 2352 | J49: 7242 | K49: =4049+9151+1054+297+973 -> 15524 | L49: =4407+16+4+303+317 -> 5047 | O49: =+D49/C49 -> 1.1558237
A51: Tân Cảng - TCTT (TCOT cũ) | B51: =47356+52560+79724+85499+66734+68133+73487+69407+60723+61109+72181+84025 -> 820938 | C51: 265139 | D51: =97537+55586+99611+80866 -> 333600 | E51: =SUM(F51:J51) -> 80866 | F51: 36072 | G51: 38989 | J51: 5805 | K51: 9106 | L51: =23400+407+2315 -> 26122 | N51: 5768 | O51: =+D51/C51 -> 1.258208
A52: CMIT | B52: =38855+42860+48337+46082+47751+44611+75076+55809+60576+63502+55882+64932 -> 644273 | C52: 176134 | D52: =59734+65037+69566+76869 -> 271206 | E52: =SUM(F52:J52) -> 76869 | F52: 26978 | G52: 36462 | J52: 13429 | K52: =1915+4681+1711 -> 8307 | L52: =6909+1+26 -> 6936 | O52: =+D52/C52 -> 1.5397709
A53: SSIT | B53: =38927+25455+65397+44769+34250+34453+44944+60275+38990+46527+28707+33843 -> 496537 | C53: 174548 | D53: =47624+41548+39771+61527 -> 190470 | E53: =SUM(F53:J53) -> 61527 | F53: 25251 | G53: 28026 | I53: 408 | J53: 7842 | K53: =1306+6701+182+1325 -> 9514 | L53: =7421+9+461 -> 7891 | N53: 59187 | O53: =+D53/C53 -> 1.0912185
A54: GEMALINK (*) | B54: 949900 | C54: 243900 | D54: 482000 | E54: =SUM(F54:G54) -> 153000 | F54: 71910 | G54: 81090 | O54: =+D54/C54 -> 1.9762198
A55: SITV
A57: ĐỒNG BẰNG SCL | B57: =SUM(B58:B65) -> 71421 | C57: =SUM(C58:C65) -> 25799 | D57: =SUM(D58:D65) -> 18394 | E57: =SUM(E58:E65) -> 6659 | F57: =SUM(F58:F65) -> 1497 | G57: =SUM(G58:G65) -> 1669 | H57: =SUM(H58:H65) -> 1885 | I57: =SUM(I58:I65) -> 1608 | ... N57: =SUM(N58:N65) -> 4355 | O57: =+D57/C57 -> 0.71297337
A58: Can Tho/ Cái Cui | B58: =122+557+792+366+499+468+393+769+628+559+497+230 -> 5880 | C58: 1837 | D58: =335+74+675+1816 -> 2900 | E58: =SUM(F58:J58) -> 1816 | F58: 997 | G58: 819 | K58: =18+111 -> 129 | L58: =87+28 -> 115 | O58: =+D58/C58 -> 1.5786609
A59: Tân Cảng Cái Cui | E59: =SUM(F59:J59) -> 0
A60: Tra Noc CT | B60: =774+884+1093+1806+989+1127+1587+1317+1182+1138+1729+1456 -> 15082 | C60: 4557 | D60: =1670+1062+1129+1350 -> 5211 | E60: =SUM(F60:J60) -> 1350 | F60: 500 | G60: 850 | K60: =330+263 -> 593 | L60: =170+567 -> 737 | N60: 1350 | O60: =+D60/C60 -> 1.1435155
A61: An Giang | B61: =19101+1605+2057+920+1082 -> 24765 | C61: 11707 | D61: =1089+517+1381+2546 -> 5533 | E61: =SUM(F61:J61) -> 2546 | H61: 1273 | I61: 1273 | K61: =8+1129 -> 1137 | L61: =1155+46 -> 1201 | N61: 2338 | O61: =+D61/C61 -> 0.47262322
A62: Vinh Long | B62: =SUM(D62:G62) -> 0 | C62: 0 | E62: =SUM(F62:J62) -> 0
A63: Tan Cang - Sa Dec | B63: 19597 | C63: 5418 | D63: =949+632+800+680 -> 3061 | E63: =SUM(F63:J63) -> 680 | H63: 450 | I63: 230 | K63: 400 | L63: =450 -> 450 | N63: 400 | O63: =+D63/C63 -> 0.56496862
A64: Tan Cang - Thốt Nốt (*) | E64: =SUM(F64:J64) -> 0
A65: VIMC- Hậu Giang | B65: =3284+527+85+247+741+628+585 -> 6097 | C65: 2280 | D65: =703+210+509+267 -> 1689 | E65: =SUM(F65:J65) -> 267 | H65: 162 | I65: 105 | L65: =134+105 -> 239 | N65: 267 | O65: =+D65/C65 -> 0.74078947
A67: TỔNG CỘNG | B67: =B6+B28+B34+B47+B57 -> 18561273 | C67: =C6+C28+C34+C47+C57 -> 5505055 | D67: =D6+D28+D34+D47+D57 -> 6735134 | E67: =E6+E28+E34+E47+E57 -> 1833201 | F67: =F6+F28+F34+F47+F57 -> 770763 | G67: =G6+G28+F34+G47+G57 -> 813003 | H67: =H6+H28+G34+H47+H57 -> 344039 | I67: =I6+I28+H34+I47+I57 -> 121840 | J67: =J6+J28+I34+J47+J57 -> 109897 | K67: =K6+K28+J34+K47+K57 -> 59008 | L67: =L6+L28+K34+L47+L57 -> 252079 | M67: =M6+M28+L34+M47+M57 -> 68115 | N67: =N6+N28+M34+N47+N57 -> 69635 | O67: =+D67/C67 -> 1.2234454
E68: Đúng | M68: Ngày 12 tháng 05 năm 2024
D70: Tháng 1 | E70: Tháng 2 | F70: Tháng 3 | G70: Tháng 4 | H70: Tháng 5 | I70: Tháng 6 | J70: Tháng 7 | K70: Tháng 8 | L70: Tháng 9 | M70: Tháng 10 | N70: Tháng 11 | O70: Tháng 12 | P70: Năm 2024
B71: Sản lượng hàng tháng | D71: 1844639.8 | E71: 1453853.1 | F71: 1812571.5 | G71: 1892531 | P71: =SUM(D71:O71) -> 7003595.5
B72: % so với tháng trước đó | E72: =IF(D71>0,E71/D71,0)*100 -> 78.815013 | F72: =IF(E71>0,F71/E71,0)*100 -> 124.67363 | G72: =IF(F71>0,G71/F71,0)*100 -> 104.41139 | H72: =IF(G71>0,H71/G71,0)*100 -> 0 | I72: =IF(H71>0,I71/H71,0)*100 -> 0 | J72: =IF(H71>0,J71/H71,0)*100 -> 0 | K72: =IF(J71>0,K71/J71,0)*100 -> 0 | L72: =IF(K71>0,L71/K71,0)*100 -> 0 | M72: =IF(L71>0,M71/L71,0)*100 -> 0 | N72: =IF(M71>0,N71/M71,0)*100 -> 0 | O72: =IF(N71>0,O71/N71,0)*100 -> 0
A74: (*) Cảng chưa là thành viên VPA (số liệu được ước tính/tham khảo/cung cấp từ nguồn khác). Riêng số liệu năm 2022 của Gemalink có tính bx sà lan.
A75: Kể từ năm 2012, sản lượng thông qua không tính bốc xếp sà lan.
A76: Số liệu container trung chuyển, container 20', rỗng, lạnh và GN qua Sà lan không chính xác do nhiều cảng chưa thống kê đầy đủ
A77: Những ô để trống: không có số liệu (khác với trường hợp có số liệu = 0)
A78: Ban Thư ký VPA chân thành cám ơn các cảng đã cung cấp số liệu chi tiết nêu trên.
A79: Kính đề nghị các cảng xem xét và chỉnh sửa, bổ sung và báo ngay dùm cho BTK, nếu có thiếu sót.
A80: Dự kiến sẽ cung cấp thường xuyên số liệu cập nhật và chi tiết hơn cho các cảng để tham khảo, sử dụng.
B82: Container (Tấn>TEU) qua CMTV từng tháng năm 2024 có tính BX sà lan (Thông tin tham khảo thêm)
B83: Cảng | D83: Thang 1 | E83: Thang 2 | F83: Thang 3 | G83: Thang 4 | H83: Thang 5 | I83: Thang 6 | J83: Thang 7 | K83: Thang 8 | L83: Thang 9 | M83: Thang 10 | N83: Thang 11 | O83: Thang 12 | P83: Năm 2023 | Q83: Thị phần %
B84: Gemalink | D84: 250647.57 | E84: 303326.79 | F84: 278308.29 | G84: 329534.93 | P84: =SUM(D84:O84) -> 1161817.6 | Q84: =P84/$P$90 -> 0.3609591
B85: TCCT | D85: 51557.786 | E85: 38594.857 | F85: 40995.357 | G85: 33533.714 | P85: =SUM(D85:O85) -> 164681.71 | Q85: =P85/$P$90 -> 0.051164111
B86: TCIT | D86: 157521.86 | E86: 160543.86 | F86: 156602.71 | G86: 190080.79 | P86: =SUM(D86:O86) -> 664749.21 | Q86: =P86/$P$90 -> 0.2065275
B87: TCTT | D87: 129327.71 | E87: 98880.786 | F87: 142655.5 | G87: 133507.36 | P87: =SUM(D87:O87) -> 504371.36 | Q87: =P87/$P$90 -> 0.15670053
B88: SSIT | D88: 81303.643 | E88: 79785.571 | F88: 99571 | G88: 105052.5 | P88: =SUM(D88:O88) -> 365712.71 | Q88: =P88/$P$90 -> 0.11362139
B89: CMIT | D89: 79967.429 | E89: 73659.643 | F89: 87559.357 | G89: 116176.93 | P89: =SUM(D89:O89) -> 357363.36 | Q89: =P89/$P$90 -> 0.11102737
D90: =SUM(D84:D89) -> 750326 | E90: =SUM(E84:E89) -> 754791.5 | F90: =SUM(F84:F89) -> 805692.21 | G90: =SUM(G84:G89) -> 907886.21 | H90: =SUM(H84:H89) -> 0 | I90: =SUM(I84:I89) -> 0 | J90: =SUM(J84:J89) -> 0 | K90: =SUM(K84:K89) -> 0 | ... O90: =SUM(O84:O89) -> 0 | P90: =SUM(D90:O90) -> 3218695.9 | Q90: =P90/$P$90 -> 1

Sheet T05-2024
A1: VPA - SẢN LƯỢNG CONTAINER (TEU) - THÁNG 5 NĂM 2024 / 2023
A3: KHU VỰC / Cảng | B3: Năm 2023 | C3: 5T 2023 | D3: 5T 2024 | E3: THÁNG 5-2024 | O3: 5T (2024 / 2023)
E4: CỘNG | F4: Nhập Ngoại | G4: Xuất Ngoại | H4: Nhập nội | I4: Xuất nội | J4: Trung chuyển | K4: 20' | L4: Rỗng | M4: Lạnh | N4: GN qua sà lan
A6: MIỀN BẮC | B6: =SUM(B8:B18) -> 4518182 | C6: 1679704 | D6: =SUM(D8:D18) -> 2112505 | E6: =SUM(E8:E18) -> 461091 | F6: =SUM(F8:F17) -> 203309 | G6: =SUM(G8:G17) -> 189387 | H6: =SUM(H8:H17) -> 24793 | I6: =SUM(I8:I17) -> 29711 | O6: =+D6/C6 -> 1.257665
A7: Quang Ninh | E7: =SUM(F7:J7) -> 0
A8: Cái Lân (CICT) | E8: =SUM(F8:J8) -> 0
A9: Hai Phong (Chùa Vẽ+Tân Vũ) | B9: =715133+126685+111732+106510+95851+111311 -> 1267222 | C9: 497600 | D9: =108077+85467+113186+113042+116756 -> 536528 | E9: =SUM(F9:J9) -> 116756 | F9: 44278 | G9: 43655 | H9: 13958 | I9: 14865 | O9: =+D9/C9 -> 1.0782315
A10: HICT (Lạch Huyện, HP) | B10: 1272859 | C10: 428772 | D10: =148719+103732+138638+114388+149772 -> 655249 | E10: =SUM(F10:J10) -> 149772 | F10: 78585 | G10: =71187 -> 71187 | K10: =8950+7298 -> 16248 | L10: =3649+1555 -> 5204 | O10: =+D10/C10 -> 1.5281991
A11: Đoạn Xá | E11: =SUM(F11:J11) -> 0
A12: Đình vũ | B12: 491959 | C12: 197010 | D12: =39231+38035+45839+55212+55252 -> 233569 | E12: =SUM(F12:J12) -> 55252 | F12: 28755 | G12: 25693 | H12: 239 | I12: 565 | J12: 0 | N12: 0 | O12: =+D12/C12 -> 1.1855693
A13: Nam Hải Đình Vũ | B13: 149160 | C13: 149160 | D13: 0 | E13: =SUM(F13:J13) -> 0
A14: Nam Đình Vũ | B14: =27700+42263+60649+60306+68982+89333+103549+96251+80177+83538+83985+100491 -> 897224 | C14: 259900 | D14: =107401+71667+97692+112321+100543 -> 489624 | E14: =SUM(F14:J14) -> 100543 | F14: 51691 | G14: 48852 | K14: =12088+7515 -> 19603 | L14: =905+5185 -> 6090 | M14: 6174 | N14: 415 | O14: =+D14/C14 -> 1.8838938
A15: Tân Cảng 128 Hải Phòng | B15: =6147+7479+7850+9613+8350+10297+8331+8950+9929+9191+7491+7125 -> 100753 | C15: 39439 | D15: =5818+3471+4879+3146+1868 -> 19182 | E15: =SUM(F15:J15) -> 1868 | H15: 933 | I15: 935 | K15: =172+213 -> 385 | L15: =53+18 -> 71 | N15: 0 | O15: =+D15/C15 -> 0.48637136
A16: Transvina | B16: =540+350 -> 890 | C16: 436 | D16: =528 -> 528 | E16: 0
A17: PTSC Đình Vũ | B17: =14801+21013+19343+20052+25339+15490+23521+25450+24091+25115+25902+30182 -> 270299 | C17: 100548 | D17: =29509+14652+23209+24242+23009 -> 114621 | E17: =SUM(F17:J17) -> 23009 | H17: 9663 | I17: 13346 | K17: =2763+3500 -> 6263 | L17: =32+188 -> 220 | O17: =+D17/C17 -> 1.139963
A18: VIMC Đình Vũ | B18: 67816 | C18: 7275 | D18: =37942+11371+13891 -> 63204 | E18: 13891 | O18: =+D18/C18 -> 8.6878351
A19: Vip Green Port (*) | B19: 633659 | C19: 262872 | D19: =161928+54011+52836 -> 268775 | E19: 52836 | O19: =+D19/C19 -> 1.0224558
A20: Green Port (*) | B20: 255481 | C20: 109228 | D20: =86240+22448 -> 108688 | E20: 22448 | O20: =+D20/C20 -> 0.99505621
A21: Mipec (*) | B21: 92242 | C21: 60593 | D21: =15392+5518+8672 -> 29582 | E21: 8672 | O21: =+D21/C21 -> 0.48820821
A22: Hải An (*) | B22: 400078 | C22: 403715 | D22: =36183+30507+38929+42926+38815 -> 187360 | E22: 38815 | O22: =+D22/C22 -> 0.46408977
A23: TC 189 Hải Phòng (*) | B23: 171077 | C23: 148142 | D23: =60794+15126 -> 75920 | E23: 15126 | O23: =+D23/C23 -> 0.51248127
A24: Nam Hải Dình Vũ (*) | B24: 270677 | D24: =22071+9654+13100+21751+25961 -> 92537 | E24: 25961
A25: Nam Hải | D25: =3457+12735+18119 -> 34311 | E25: 18119
A28: MIỀN TRUNG | B28: =SUM(B29:B32) -> 860026 | C28: 339710 | D28: =SUM(D29:D32) -> 395954 | E28: =SUM(E29:E32) -> 76068 | F28: =SUM(F29:F32) -> 27566 | G28: =SUM(G29:G32) -> 28847 | H28: =SUM(H29:H32) -> 11366 | I28: =SUM(I29:I32) -> 8289 | J28: =SUM(J29:J32) -> 0 | K28: =SUM(K29:K32) -> 12338 | L28: =SUM(L29:L32) -> 1580 | N28: =SUM(N29:N32) -> 0 | O28: =+D28/C28 -> 1.1655647
A29: Nghe Tinh | B29: =30481+3346 -> 33827 | C29: 13573 | D29: 15606 | E29: 3389 | H29: 1689 | I29: 1700 | K29: =473+678 -> 1151 | L29: =147+7 -> 154 | O29: =+D29/C29 -> 1.1497827
A30: Da Nang | B30: 675254 | C30: 259916 | D30: =64505+48073+62185+62452+59765 -> 296980 | E30: =SUM(F30:J30) -> 59765 | F30: 22888 | G30: 23059 | H30: 7411 | I30: 6407 | K30: =4095+3452+1413+991 -> 9951 | L30: =63+761+308 -> 1132 | M30: 0 | N30: 0 | O30: =+D30/C30 -> 1.1425999
A31: Quy Nhon | B31: =120488+12239+18218 -> 150945 | C31: 67221 | D31: =22490+11900+19473+16591+12914 -> 83368 | E31: =SUM(F31:J31) -> 12914 | F31: 4678 | G31: 5788 | H31: 2266 | I31: 182 | K31: =338+623+141+134 -> 1236 | L31: =194+3+97 -> 294 | O31: =+D31/C31 -> 1.2402077
A32: Cam Ranh | B32: 0 | C32: 0 | E32: =F32+G32+H32+I32+J32 -> 0
A34: TP HCM | B34: =SUM(B35:B45) -> 8314054 | C34: 3239967 | D34: =SUM(D35:D45) -> 3657494 | E34: =SUM(E35:E45) -> 758729 | F34: =SUM(F35:F45) -> 311266 | G34: =SUM(G35:G45) -> 239478 | H34: =SUM(H35:H45) -> 97378 | I34: =SUM(I35:I45) -> 109192 | J34: =SUM(J35:J45) -> 1415 | K34: =SUM(K35:K45) -> 169421 | ... N34: =SUM(N35:N45) -> 57713 | O34: =+D34/C34 -> 1.1288677
A35: Binh Duong | B35: =439746+58130+61049 -> 558925 | C35: 203006 | D35: =176793+71526+59980 -> 308299 | E35: =SUM(F35:J35) -> 59980 | H35: 19701 | I35: 40279 | K35: =24+1405 -> 1429 | L35: =375 -> 375 | O35: =+D35/C35 -> 1.5186694
A36: Đồng Nai | B36: =506252+63971 -> 570223 | C36: 198808 | D36: =58796+40986+58237+58418+48813 -> 265250 | E36: =SUM(F36:J36) -> 48813 | H36: 8824 | I36: 39989 | K36: =63+1237 -> 1300 | L36: =655 -> 655 | N36: 48813 | O36: =+D36/C36 -> 1.3342018
A37: ITC- CORP | B37: =42017+51282+45948+47390+55304+49234+45680+47437+43911+34616+30188+41910 -> 534917 | C37: 241941 | D37: =43919+38655+49389+49920+41452 -> 223335 | E37: =SUM(F37:J37) -> 41452 | F37: 15922 | G37: 18129 | H37: 2999 | I37: 3028 | J37: 1374 | K37: =3247+5392+825+459+40 -> 9963 | L37: =637+75+77+490 -> 1279 | M37: 3068 | O37: =+D37/C37 -> 0.92309695
A38: Cảng Sai Gòn | B38: =154869+18461+17185+18184+22072 -> 230771 | C38: 78439 | D38: =20214+11681+23581+25619+22301 -> 103396 | E38: =SUM(F38:J38) -> 22301 | G38: 8 | H38: 11231 | I38: 11062 | K38: =3250+2469 -> 5719 | L38: =409+941 -> 1350 | M38: 443 | N38: 0 | O38: =+D38/C38 -> 1.3181708
A39: Ben Nghe | B39: =50925+32855+32535+28886+28236+30552+33558+32390+29858+33841+31383 -> 365019 | C39: 145201 | D39: =36191+20920+29070+23929+27875 -> 137985 | E39: =SUM(F39:J39) -> 27875 | H39: 14240 | I39: 13635 | K39: =5016+4163 -> 9179 | L39: =248+980 -> 1228 | M39: 304 | N39: 603 | O39: =+D39/C39 -> 0.95030337 | P39: R
A40: Tan Cang - Hiệp Phước | B40: =5696+3958+5815+9110+7468+13154+12856+16704+16494+13524+11707+13991 -> 130477 | C40: 32047 | D40: =12008+9467+14763+14113+14691 -> 65042 | E40: =SUM(F40:J40) -> 14691 | F40: 3600 | G40: 8885 | H40: 966 | I40: 1199 | J40: 41 | K40: =1530+1619+303+118 -> 3570 | L40: =10+1838+13+343+21 -> 2225 | N40: 4 | O40: =+D40/C40 -> 2.0295816
A41: Tan Cang - Cat Lai | B41: =372397+393542+480876+438506+433683+444706+469051+460647+432596+460939+470477+474708 -> 5332128 | C41: 2119004 | D41: =492323+373517+489518+501319+498148 -> 2354825 | E41: =SUM(F41:J41) -> 498148 | F41: 287038 | G41: 211110 | K41: =78837+59050 -> 137887 | L41: =5635+13812 -> 19447 | O41: =+D41/C41 -> 1.1112886
A42: VICT | B42: =32440+39588+48102+43548+41412+40968+51704+51435+55440+57617+45700+41689 -> 549643 | C42: 205090 | D42: =41444+27037+39698+37856+42480 -> 188515 | E42: =SUM(F42:J42) -> 42480 | F42: 3063 | H42: 39417 | O42: =+D42/C42 -> 0.91918182
A43: SPCT | B43: =SUM(D43:G43) -> 0 | C43: 0 | E43: =SUM(F43:J43) -> 0
A44: Lotus | B44: =2388+2166+2181+2143+2735+2159+2232+3124+2401+2891+2264+3229 -> 29913 | C44: 11613 | D44: =1591+185+300+228+282 -> 2586 | E44: =SUM(F44:J44) -> 282 | F44: 97 | G44: 185 | K44: =185 -> 185 | L44: =97 -> 97 | N44: 32 | O44: =+D44/C44 -> 0.22268148
A45: Phuoc Long ICD | B45: 12038 | C45: 4818 | D45: =5554+2707 -> 8261 | E45: =SUM(F45:J45) -> 2707 | F45: 1546 | G45: 1161 | K45: =54+135 -> 189 | L45: =138+2 -> 140 | N45: 8261 | O45: =+D45/C45 -> 1.7146119
A47: BR-VT | B47: =SUM(B48:B55) -> 4797590 | C47: =SUM(C48:C55) -> 1743915 | D47: =SUM(D48:D55) -> 2358062 | E47: =SUM(E48:E55) -> 511862.92 | F47: =SUM(F48:F55) -> 209183 | G47: =SUM(G48:G55) -> 240031.92 | H47: =SUM(H48:H55) -> 6039 | I47: =SUM(I48:I55) -> 2298 | ... N47: =SUM(N48:N55) -> 56536 | O47: =+D47/C47 -> 1.3521657
A48: SP-PSA | B48: 0 | C48: 0 | E48: =F48+G48+H48+I48+J48 -> 0
A49: Tân Cảng - TCIT | B49: =127394+89400+147995+127434+174236+176428+189135+187087+174544+192913+163797+135579 -> 1885942 | C49: 666459 | D49: =152617+131920+130997+153389+149066 -> 717989 | E49: =F49+G49+H49+I49+J49 -> 149066 | F49: 62837 | G49: 70194 | H49: 6039 | I49: 2298 | J49: 7698 | K49: =3666+7367+1002+304+921 -> 13260 | L49: =4131+79+11+196+21 -> 4438 | O49: =+D49/C49 -> 1.0773191
A51: Tân Cảng - TCTT (TCOT cũ) | B51: =47356+52560+79724+85499+66734+68133+73487+69407+60723+61109+72181+84025 -> 820938 | C51: 331873 | D51: =97537+55586+99611+80866+84077 -> 417677 | E51: =SUM(F51:J51) -> 84077 | F51: 33572 | G51: 43520 | J51: 6985 | K51: =1137+3846+1541 -> 6524 | L51: =1847+4+520 -> 2371 | O51: =+D51/C51 -> 1.2585447
A52: CMIT | B52: =38855+42860+48337+46082+47751+44611+75076+55809+60576+63502+55882+64932 -> 644273 | C52: 223885 | D52: =59734+65037+69566+76869+85180 -> 356386 | E52: =SUM(F52:J52) -> 85180 | F52: 28568 | G52: 34285 | J52: 22327 | K52: =1241+3971 -> 5212 | L52: =3847+32 -> 3879 | O52: =+D52/C52 -> 1.5918262
A53: SSIT | B53: =38927+25455+65397+44769+34250+34453+44944+60275+38990+46527+28707+33843 -> 496537 | C53: 208798 | D53: =47624+41548+39771+61527+61540 -> 252010 | E53: =SUM(F53:J53) -> 61540 | F53: 26417 | G53: 17822 | J53: 17301 | K53: =1253+2359+4840 -> 8452 | L53: =3370+13+105 -> 3488 | N53: 56536 | O53: =+D53/C53 -> 1.206956
A54: GEMALINK (*) | B54: 949900 | C54: 312900 | D54: 614000 | E54: =SUM(F54:N54) -> 131999.92 | F54: 57789 | G54: 74210.922 | O54: =+D54/C54 -> 1.9622883
A55: SITV
A57: ĐỒNG BẰNG SCL | B57: =SUM(B58:B65) -> 71421 | C57: 32062 | D57: =SUM(D58:D65) -> 22649 | E57: =SUM(E58:E65) -> 4255 | F57: =SUM(F58:F65) -> 243 | G57: =SUM(G58:G65) -> 283 | H57: =SUM(H58:H65) -> 1741 | I57: =SUM(I58:I65) -> 1988 | J57: =SUM(J58:J65) -> 0 | K57: =SUM(K58:K65) -> 1394 | ... N57: =SUM(N58:N65) -> 3089 | O57: =+D57/C57 -> 0.70641258
A58: Can Tho/ Cái Cui | B58: =122+557+792+366+499+468+393+769+628+559+497+230 -> 5880 | C58: 2336 | D58: =335+74+675+1816+624 -> 3524 | E58: =SUM(F58:J58) -> 624 | H58: 149 | I58: 475 | K58: =95+50 -> 145 | L58: =61 -> 61 | O58: =+D58/C58 -> 1.5085616
A59: Tân Cảng Cái Cui | E59: =SUM(F59:J59) -> 0
A60: Tra Noc CT | B60: =774+884+1093+1806+989+1127+1587+1317+1182+1138+1729+1456 -> 15082 | C60: 5546 | D60: =1670+1062+1129+1350+1391 -> 6602 | E60: =SUM(F60:J60) -> 1391 | H60: 723 | I60: 668 | K60: =165+269 -> 434 | L60: =286+177 -> 463 | N60: 1391 | O60: =+D60/C60 -> 1.1904075
A61: An Giang | B61: =19101+1605+2057+920+1082 -> 24765 | C61: 14408 | D61: =1089+517+1381+2546+1336 -> 6869 | E61: =SUM(F61:J61) -> 1336 | H61: 661 | I61: 675 | K61: =11+563 -> 574 | L61: =568+30 -> 598 | N61: 1172 | O61: =+D61/C61 -> 0.47674903
A62: Vinh Long | B62: =SUM(D62:G62) -> 0 | C62: 0 | E62: =SUM(F62:J62) -> 0
A63: Tan Cang - Sa Dec | B63: 19597 | C63: 6968 | D63: =949+632+800+680+378 -> 3439 | E63: =SUM(F63:J63) -> 378 | H63: 208 | I63: 170 | K63: =230 -> 230 | L63: =450 -> 450 | O63: =+D63/C63 -> 0.49354191
A64: Tan Cang - Thốt Nốt (*) | C64: 0 | E64: =SUM(F64:J64) -> 0
A65: VIMC- Hậu Giang | B65: =3284+527+85+247+741+628+585 -> 6097 | C65: 2804 | D65: =703+210+509+267+526 -> 2215 | E65: =SUM(F65:J65) -> 526 | F65: 243 | G65: 283 | H65: 0 | K65: =11 -> 11 | L65: =211+220 -> 431 | N65: 526 | O65: =+D65/C65 -> 0.78994294
A67: TỔNG CỘNG | B67: =B6+B28+B34+B47+B57 -> 18561273 | C67: =C6+C28+C34+C47+C57 -> 7035358 | D67: =D6+D28+D34+D47+D57 -> 8546664 | E67: =E6+E28+E34+E47+E57 -> 1812005.9 | F67: =F6+F28+F34+F47+F57 -> 751567 | G67: =G6+G28+F34+G47+G57 -> 769814.92 | H67: =H6+H28+G34+H47+H57 -> 283417 | I67: =I6+I28+H34+I47+I57 -> 139664 | J67: =J6+J28+I34+J47+J57 -> 163503 | K67: =K6+K28+J34+K47+K57 -> 48595 | L67: =L6+L28+K34+L47+L57 -> 187180 | M67: =M6+M28+L34+M47+M57 -> 26796 | N67: =N6+N28+M34+N47+N57 -> 63440 | O67: =+D67/C67 -> 1.2148158
E68: Đúng | M68: Ngày 12 tháng 06 năm 2024
D70: Tháng 1 | E70: Tháng 2 | F70: Tháng 3 | G70: Tháng 4 | H70: Tháng 5 | I70: Tháng 6 | J70: Tháng 7 | K70: Tháng 8 | L70: Tháng 9 | M70: Tháng 10 | N70: Tháng 11 | O70: Tháng 12 | P70: Năm 2024
B71: Sản lượng hàng tháng | D71: 1845076 | E71: 1453853.1 | F71: 1812571.5 | G71: 1892251.3 | H71: 1870678 | P71: =SUM(D71:O71) -> 8874429.9
B72: % so với tháng trước đó | E72: =IF(D71>0,E71/D71,0)*100 -> 78.796382 | F72: =IF(E71>0,F71/E71,0)*100 -> 124.67363 | G72: =IF(F71>0,G71/F71,0)*100 -> 104.39596 | H72: =IF(G71>0,H71/G71,0)*100 -> 98.859912 | I72: =IF(H71>0,I71/H71,0)*100 -> 0 | J72: =IF(H71>0,J71/H71,0)*100 -> 0 | K72: =IF(J71>0,K71/J71,0)*100 -> 0 | L72: =IF(K71>0,L71/K71,0)*100 -> 0 | M72: =IF(L71>0,M71/L71,0)*100 -> 0 | N72: =IF(M71>0,N71/M71,0)*100 -> 0 | O72: =IF(N71>0,O71/N71,0)*100 -> 0
A74: (*) Cảng chưa là thành viên VPA (số liệu được ước tính/tham khảo/cung cấp từ nguồn khác). Riêng số liệu năm 2022 của Gemalink có tính bx sà lan.
A75: Kể từ năm 2012, sản lượng thông qua không tính bốc xếp sà lan.
A76: Số liệu container trung chuyển, container 20', rỗng, lạnh và GN qua Sà lan không chính xác do nhiều cảng chưa thống kê đầy đủ
A77: Những ô để trống: không có số liệu (khác với trường hợp có số liệu = 0)
A78: Ban Thư ký VPA chân thành cám ơn các cảng đã cung cấp số liệu chi tiết nêu trên.
A79: Kính đề nghị các cảng xem xét và chỉnh sửa, bổ sung và báo ngay dùm cho BTK, nếu có thiếu sót.
A80: Dự kiến sẽ cung cấp thường xuyên số liệu cập nhật và chi tiết hơn cho các cảng để tham khảo, sử dụng.
B82: Container (Tấn>TEU) qua CMTV từng tháng năm 2024 có tính BX sà lan (Thông tin tham khảo thêm)
B83: Cảng | D83: Thang 1 | E83: Thang 2 | F83: Thang 3 | G83: Thang 4 | H83: Thang 5 | I83: Thang 6 | J83: Thang 7 | K83: Thang 8 | L83: Thang 9 | M83: Thang 10 | N83: Thang 11 | O83: Thang 12 | P83: Năm 2023 | Q83: Thị phần %
B84: Gemalink | D84: 250647.57 | E84: 303326.79 | F84: 278308.29 | G84: 329534.93 | H84: 264136.86 | P84: =SUM(D84:O84) -> 1425954.4 | Q84: =P84/$P$90 -> 0.35570082
B85: TCCT | D85: 51557.786 | E85: 38594.857 | F85: 40995.357 | G85: 33533.714 | H85: 15954.786 | P85: =SUM(D85:O85) -> 180636.5 | Q85: =P85/$P$90 -> 0.04505933
B86: TCIT | D86: 157521.86 | E86: 160543.86 | F86: 156602.71 | G86: 190080.79 | H86: 199613.79 | P86: =SUM(D86:O86) -> 864363 | Q86: =P86/$P$90 -> 0.21561322
B87: TCTT | D87: 129327.71 | E87: 98880.786 | F87: 142655.5 | G87: 133507.36 | H87: 117586.21 | P87: =SUM(D87:O87) -> 621957.57 | Q87: =P87/$P$90 -> 0.15514578
B88: SSIT | D88: 81303.643 | E88: 79785.571 | F88: 99571 | G88: 105052.5 | H88: 95685.357 | P88: =SUM(D88:O88) -> 461398.07 | Q88: =P88/$P$90 -> 0.11509461
B89: CMIT | D89: 79967.429 | E89: 73659.643 | F89: 87559.357 | G89: 116176.93 | H89: 97186.071 | P89: =SUM(D89:O89) -> 454549.43 | Q89: =P89/$P$90 -> 0.11338623
D90: =SUM(D84:D89) -> 750326 | E90: =SUM(E84:E89) -> 754791.5 | F90: =SUM(F84:F89) -> 805692.21 | G90: =SUM(G84:G89) -> 907886.21 | H90: =SUM(H84:H89) -> 790163.07 | I90: =SUM(I84:I89) -> 0 | J90: =SUM(J84:J89) -> 0 | K90: =SUM(K84:K89) -> 0 | ... O90: =SUM(O84:O89) -> 0 | P90: =SUM(D90:O90) -> 4008859 | Q90: =P90/$P$90 -> 1

Sheet T06-2024
A1: VPA - SẢN LƯỢNG CONTAINER (TEU) - THÁNG 6 NĂM 2024 / 2023
A3: KHU VỰC / Cảng | B3: Năm 2023 | C3: 6T 2023 | D3: 6T 2024 | E3: THÁNG 6-2024 | O3: 6T (2024 / 2023)
E4: CỘNG | F4: Nhập Ngoại | G4: Xuất Ngoại | H4: Nhập nội | I4: Xuất nội | J4: Trung chuyển | K4: 20' | L4: Rỗng | M4: Lạnh | N4: GN qua sà lan
A6: MIỀN BẮC | B6: =SUM(B8:B18) -> 4518182 | C6: 2045930 | D6: =SUM(D8:D18) -> 2552943 | E6: =SUM(E8:E18) -> 440438 | F6: =SUM(F8:F18) -> 178820 | G6: =SUM(G8:G18) -> 189914 | H6: =SUM(H8:H18) -> 29055 | I6: =SUM(I8:I18) -> 29781 | J6: =SUM(J8:J18) -> 0 | K6: =SUM(K8:K18) -> 53822 | ... N6: =SUM(N8:N18) -> 872 | O6: =+D6/C6 -> 1.2478154
A7: Quang Ninh | E7: =SUM(F7:J7) -> 0
A8: Cái Lân (CICT) | E8: =SUM(F8:J8) -> 0
A9: Hai Phong (Chùa Vẽ+Tân Vũ) | B9: =715133+126685+111732+106510+95851+111311 -> 1267222 | C9: 605828 | D9: =108077+85467+113186+113042+116756+109995 -> 646523 | E9: =SUM(F9:J9) -> 109995 | F9: 42652 | G9: 39121 | H9: 13675 | I9: 14547 | O9: =+D9/C9 -> 1.0671725
A10: HICT (Lạch Huyện, HP) | B10: 1272859 | C10: 527720 | D10: =148719+103732+138638+114388+149772+144287 -> 799536 | E10: =SUM(F10:J10) -> 144287 | F10: 63237 | G10: 81050 | K10: 19805 | L10: =32222+7617 -> 39839 | O10: =+D10/C10 -> 1.5150762
A11: Đoạn Xá | E11: =SUM(F11:J11) -> 0
A12: Đình vũ | B12: 491959 | C12: 238449 | D12: =39231+38035+45839+55212+55252+51874 -> 285443 | E12: =SUM(F12:J12) -> 51874 | F12: 26101 | G12: 24891 | H12: 211 | I12: 671 | K12: =8403+3528+15+203 -> 12149 | L12: =90+4095 -> 4185 | O12: =+D12/C12 -> 1.197082
A13: Nam Hải Đình Vũ | B13: 149160 | C13: 149160 | D13: 0 | E13: =SUM(F13:J13) -> 0 | O13: =+D13/C13 -> 0
A14: Nam Đình Vũ | B14: =27700+42263+60649+60306+68982+89333+103549+96251+80177+83538+83985+100491 -> 897224 | C14: 349233 | D14: =107401+71667+97692+112321+100543+91682 -> 581306 | E14: =SUM(F14:J14) -> 91682 | F14: 46830 | G14: 44852 | K14: =6169+8179 -> 14348 | L14: =807+3239 -> 4046 | M14: 5244 | N14: 872 | O14: =+D14/C14 -> 1.664522
A15: Tân Cảng 128 Hải Phòng | B15: =6147+7479+7850+9613+8350+10297+8331+8950+9929+9191+7491+7125 -> 100753 | C15: 49736 | D15: =5818+3471+4879+3146+1868+3203 -> 22385 | E15: =SUM(F15:J15) -> 3203 | H15: 1608 | I15: 1595 | K15: =250+378 -> 628 | L15: =152+340 -> 492 | O15: =+D15/C15 -> 0.4500764
A16: Transvina | B16: =540+350 -> 890 | C16: 0 | D16: =528 -> 528 | E16: 0
A17: PTSC Đình Vũ | B17: =14801+21013+19343+20052+25339+15490+23521+25450+24091+25115+25902+30182 -> 270299 | C17: 116038 | D17: =29509+14652+23209+24242+23009+26529 -> 141150 | E17: =SUM(F17:J17) -> 26529 | H17: 13561 | I17: 12968 | K17: =3415+3477 -> 6892 | L17: =498+205 -> 703 | O17: =+D17/C17 -> 1.2164119
A18: VIMC Đình Vũ | B18: 67816 | C18: 9766 | D18: =63204+12868 -> 76072 | E18: 12868 | O18: =+D18/C18 -> 7.7894737
A19: Vip Green Port (*) | B19: 633659 | D19: =161928+54011+52836+59821 -> 328596 | E19: 59821
A20: Green Port (*) | B20: 255481 | D20: =86240+22448+23244 -> 131932 | E20: 23244
A21: Mipec (*) | B21: 92242 | D21: =15392+5518+8672+12966 -> 42548 | E21: 12966
A22: Hải An (*) | B22: 400078 | D22: =36183+30507+38929+42926+38815+41506 -> 228866 | E22: 41506
A23: TC 189 Hải Phòng (*) | B23: 171077 | D23: =60794+15126+16149 -> 92069 | E23: 16149
A24: Nam Hải Dình Vũ (*) | B24: 270677 | D24: =22071+9654+13100+21751+25961+15202 -> 107739 | E24: 15202
A25: Nam Hải | D25: =3457+12735+18119+18316 -> 52627 | E25: 18316
A28: MIỀN TRUNG | B28: =SUM(B29:B32) -> 860026 | C28: 408822 | D28: =SUM(D29:D32) -> 476708 | E28: =SUM(E29:E32) -> 80278 | F28: =SUM(F29:F32) -> 32079 | G28: =SUM(G29:G32) -> 29682 | H28: =SUM(H29:H32) -> 9733 | I28: =SUM(I29:I32) -> 8784 | J28: =SUM(J29:J32) -> 0 | K28: =SUM(K29:K32) -> 14762 | L28: =SUM(L29:L32) -> 2275 | N28: =SUM(N29:N32) -> 0 | O28: =+D28/C28 -> 1.1660527
A29: Nghe Tinh | B29: =30481+3346 -> 33827 | C29: 16221 | D29: =4188+2189+2953+3363+3389+2628 -> 18710 | E29: =SUM(F29:J29) -> 2628 | H29: 1278 | I29: 1350 | K29: =440+592 -> 1032 | L29: =72 -> 72 | O29: =+D29/C29 -> 1.1534431
A30: Da Nang | B30: 675254 | C30: 314655 | D30: =64505+48073+62185+62452+59765+64280 -> 361260 | E30: =SUM(F30:J30) -> 64280 | F30: 26597 | G30: 23520 | H30: 7133 | I30: 7030 | K30: =4790+4963+1582+1101 -> 12436 | L30: =429+573+415 -> 1417 | O30: =+D30/C30 -> 1.1481146
A31: Quy Nhon | B31: =120488+12239+18218 -> 150945 | C31: 77946 | D31: =22490+11900+19473+16591+12914+13370 -> 96738 | E31: =SUM(F31:J31) -> 13370 | F31: 5482 | G31: 6162 | H31: 1322 | I31: 404 | K31: =226+873+93+102 -> 1294 | L31: =564+3+215+4 -> 786 | O31: =+D31/C31 -> 1.24109
A32: Cam Ranh | B32: 0
A34: TP HCM | B34: =SUM(B35:B45) -> 8314054 | C34: 3943440 | D34: =SUM(D35:D45) -> 4409642 | E34: =SUM(E35:E45) -> 752148 | F34: =SUM(F35:F45) -> 295896 | G34: =SUM(G35:G45) -> 291533 | H34: =SUM(H35:H45) -> 89990 | I34: =SUM(I35:I45) -> 73393 | J34: =SUM(J35:J45) -> 1336 | K34: =SUM(K35:K45) -> 168668 | ... N34: =SUM(N35:N45) -> 54212 | O34: =+D34/C34 -> 1.1182222
A35: Binh Duong | B35: =439746+58130+61049 -> 558925 | C35: 252493 | D35: =176793+71526+59980+65204 -> 373503 | E35: =SUM(F35:J35) -> 65204 | G35: 47549 | H35: 17655 | K35: 2198 | L35: =13068 -> 13068 | O35: =+D35/C35 -> 1.4792608
A36: Đồng Nai -Điều chỉnh số liệu T6/2024 | B36: =506252+63971 -> 570223 | C36: 247412 | D36: =58796+40986+58237+58418+48813+50046 -> 315296 | E36: =H36+I36 -> 50046 | H36: 6906 | I36: 43140 | K36: 1540 | L36: =6783+10 -> 6793 | N36: 50046 | O36: =+D36/C36 -> 1.2743763
A37: ITC- CORP | B37: =42017+51282+45948+47390+55304+49234+45680+47437+43911+34616+30188+41910 -> 534917 | C37: 291175 | D37: =43919+38655+49389+49920+41452+46211 -> 269546 | E37: =SUM(F37:J37) -> 46211 | F37: 19037 | G37: 20258 | H37: 3009 | I37: 2571 | J37: 1336 | K37: =4120+5084+833+405+89 -> 10531 | L37: =859+196+40+316+659 -> 2070 | N37: 2407 | O37: =+D37/C37 -> 0.92571821
A38: Cảng Sai Gòn | B38: =154869+18461+17185+18184+22072 -> 230771 | C38: 104358 | D38: =20214+11681+23581+25619+22301+21824 -> 125220 | E38: =SUM(F38:J38) -> 21824 | G38: 20 | H38: 10791 | I38: 11013 | K38: =20+2969+2069 -> 5058 | L38: =296+1111 -> 1407 | M38: 236 | O38: =+D38/C38 -> 1.199908
A39: Ben Nghe | B39: =50925+32855+32535+28886+28236+30552+33558+32390+29858+33841+31383 -> 365019 | C39: 173437 | D39: =36191+20920+29070+23929+27875+30427 -> 168412 | E39: =SUM(F39:J39) -> 30427 | H39: 14961 | I39: 15466 | K39: 10453 | L39: =1830+2227 -> 4057 | M39: 298 | O39: =+D39/C39 -> 0.97102694
A40: Tan Cang - Hiệp Phước | B40: =5696+3958+5815+9110+7468+13154+12856+16704+16494+13524+11707+13991 -> 130477 | C40: 45201 | D40: =12008+9467+14763+14113+14691+14606 -> 79648 | E40: =SUM(F40:J40) -> 14606 | F40: 2830 | G40: 9053 | H40: 1520 | I40: 1203 | K40: =1080+1570+526+137 -> 3313 | L40: =1499+30+280 -> 1809 | O40: =+D40/C40 -> 1.7620849
A41: Tan Cang - Cat Lai | B41: =372397+393542+480876+438506+433683+444706+469051+460647+432596+460939+470477+474708 -> 5332128 | C41: 2563710 | D41: =492323+373517+489518+501319+498148+483300 -> 2838125 | E41: =SUM(F41:J41) -> 483300 | F41: 269687 | G41: 213613 | K41: =75140+60001 -> 135141 | L41: =3563+14142 -> 17705 | O41: =+D41/C41 -> 1.1070382
A42: VICT | B42: =32440+39588+48102+43548+41412+40968+51704+51435+55440+57617+45700+41689 -> 549643 | C42: 246058 | D42: =41444+27037+39698+37856+42480+38521 -> 227036 | E42: =SUM(F42:J42) -> 38521 | F42: 3373 | H42: 35148 | O42: =+D42/C42 -> 0.92269302
A43: SPCT | B43: =SUM(D43:G43) -> 0 | C43: 0
A44: Lotus | B44: =2388+2166+2181+2143+2735+2159+2232+3124+2401+2891+2264+3229 -> 29913 | C44: 13772 | D44: =1591+185+300+228+282+250 -> 2836 | E44: =SUM(F44:J44) -> 250 | F44: 124 | G44: 126 | K44: 250 | L44: =124 -> 124 | O44: =+D44/C44 -> 0.20592507
A45: Phuoc Long ICD | B45: 12038 | C45: 5824 | D45: =5554+2707+1759 -> 10020 | E45: =SUM(F45:F45:J45) -> 1759 | F45: 845 | G45: 914 | K45: =28+156 -> 184 | L45: =331 -> 331 | N45: 1759 | O45: =+D45/C45 -> 1.720467
A47: BR-VT | B47: =SUM(B48:B55) -> 4797590 | C47: =SUM(C48:C55) -> 2339889 | D47: =SUM(D48:D55) -> 2936207 | E47: =SUM(E48:E54) -> 578145 | F47: =SUM(F48:F55) -> 232695 | G47: =SUM(G48:G55) -> 279641 | H47: =SUM(H48:H55) -> 5697 | I47: =SUM(I48:I55) -> 3801 | J47: =SUM(J48:J55) -> 56311 | K47: =SUM(K48:K55) -> 40963 | L47: =SUM(L48:L55) -> 42312 | M47: =SUM(M48:M55) -> 1117 | N47: =SUM(N48:N55) -> 36985 | O47: =+D47/C47 -> 1.2548488
A48: SP-PSA | B48: 0 | E48: =SUM(F48:J48) -> 0
A49: Tân Cảng - TCIT | B49: =127394+89400+147995+127434+174236+176428+189135+187087+174544+192913+163797+135579 -> 1885942 | C49: =842887+E49 -> 1039236 | D49: =152617+131920+130997+153389+149066+196349 -> 914338 | E49: =SUM(F49:J49) -> 196349 | F49: 80896 | G49: 95048 | H49: 5682 | I49: 3801 | J49: 10922 | K49: =4512+7507+863+440+741 -> 14063 | L49: =3340+197+1+277+57 -> 3872 | O49: =+D49/C49 -> 0.87981748
A51: Tân Cảng - TCTT (TCOT cũ) | B51: =47356+52560+79724+85499+66734+68133+73487+69407+60723+61109+72181+84025 -> 820938 | C51: 400006 | D51: =97537+55586+99611+80866+84077+87464 -> 505141 | E51: =SUM(F51:J51) -> 87464 | F51: 39389 | G51: 40445 | J51: 7630 | K51: =1131+3533+1468 -> 6132 | L51: =3124+80+656 -> 3860 | O51: =+D51/C51 -> 1.2628336
A52: CMIT | B52: =38855+42860+48337+46082+47751+44611+75076+55809+60576+63502+55882+64932 -> 644273 | C52: 268496 | D52: =59734+65037+69566+76869+85180+98871 -> 455257 | E52: =SUM(F52:J52) -> 98871 | F52: 28561 | G52: 44497 | J52: 25813 | K52: 12321 | L52: =16797+414+13046 -> 30257 | O52: =+D52/C52 -> 1.6955821
A53: SSIT | B53: =38927+25455+65397+44769+34250+34453+44944+60275+38990+46527+28707+33843 -> 496537 | C53: 243251 | D53: =47624+41548+39771+61527+61540+40461 -> 292471 | E53: =SUM(F53:J53) -> 40461 | F53: 9646 | G53: 18854 | H53: 15 | J53: 11946 | K53: 8447 | L53: =1775+2548 -> 4323 | M53: 1117 | N53: 36985 | O53: =+D53/C53 -> 1.2023424
A54: GEMALINK (*) | B54: 949900 | C54: 388900 | D54: 769000 | E54: =SUM(F54:J54) -> 155000 | F54: 74203 | G54: 80797 | O54: =+D54/C54 -> 1.9773721
A55: SITV
A57: ĐỒNG BẰNG SCL | B57: =SUM(B58:B65) -> 71421 | C57: 37049 | D57: =SUM(D58:D65) -> 26875 | E57: =SUM(E58:E65) -> 4226 | F57: =SUM(F58:F65) -> 0 | G57: =SUM(G58:G65) -> 0 | H57: =SUM(H58:H65) -> 2129 | I57: =SUM(I58:I65) -> 2097 | J57: =SUM(J58:J65) -> 0 | K57: =SUM(K58:K65) -> 1424 | ... N57: =SUM(N58:N65) -> 1747 | O57: =+D57/C57 -> 0.7253907
A58: Can Tho/ Cái Cui | B58: =122+557+792+366+499+468+393+769+628+559+497+230 -> 5880 | C58: 2804 | D58: =335+74+675+1816+624+522 -> 4046 | E58: =SUM(F58:J58) -> 522 | H58: 262 | I58: 260 | K58: =18+18 -> 36 | L58: 28 | O58: =+D58/C58 -> 1.4429387
A59: Tân Cảng Cái Cui | E59: =SUM(F59:J59) -> 0 | K59: 0
A60: Tra Noc CT | B60: =774+884+1093+1806+989+1127+1587+1317+1182+1138+1729+1456 -> 15082 | C60: 6673 | D60: =1670+1062+1129+1350+1391+1439 -> 8041 | E60: =SUM(F60:J60) -> 1439 | H60: 666 | I60: 773 | K60: =194+265 -> 459 | L60: =314+316 -> 630 | O60: =+D60/C60 -> 1.2050052
A61: An Giang | B61: =19101+1605+2057+920+1082 -> 24765 | C61: 16092 | D61: =1089+517+1381+2546+1336+1503 -> 8372 | E61: =SUM(F61:J61) -> 1503 | H61: 782 | I61: 721 | K61: =9+444 -> 453 | L61: =517+15 -> 532 | N61: 985 | O61: =+D61/C61 -> 0.52025851
A62: Vinh Long | B62: =SUM(D62:G62) -> 0 | C62: 0 | E62: =SUM(F62:J62) -> 0
A63: Tan Cang - Sa Dec | B63: 19597 | C63: 8196 | D63: =949+632+800+680+378+254 -> 3693 | E63: =SUM(F63:J63) -> 254 | H63: 134 | I63: 120 | K63: 254 | L63: =134 -> 134 | N63: 254 | O63: =+D63/C63 -> 0.45058565
A64: Tan Cang - Thốt Nốt (*) | C64: 12075 | E64: =SUM(F64:J64) -> 0 | O64: =+D64/C64 -> 0
A65: VIMC- Hậu Giang | B65: =3284+527+85+247+741+628+585 -> 6097 | C65: 3284 | D65: =703+210+509+267+526+508 -> 2723 | E65: =SUM(F65:J65) -> 508 | H65: 285 | I65: 223 | K65: =221+1 -> 222 | L65: =178 -> 178 | N65: 508 | O65: =+D65/C65 -> 0.82917174
A67: TỔNG CỘNG | B67: =B6+B28+B34+B47+B57 -> 18561273 | C67: =C6+C28+C34+C47+C57 -> 8775130 | D67: =D6+D28+D34+D47+D57 -> 10402375 | E67: =E6+E28+E34+E47+E57 -> 1855235 | F67: =F6+F28+F34+F47+F57 -> 739490 | G67: =G6+G28+F34+G47+G57 -> 795133 | H67: =H6+H28+G34+H47+H57 -> 338147 | I67: =I6+I28+H34+I47+I57 -> 134453 | J67: =J6+J28+I34+J47+J57 -> 129704 | K67: =K6+K28+J34+K47+K57 -> 112307 | L67: =L6+L28+K34+L47+L57 -> 264022 | M67: =M6+M28+L34+M47+M57 -> 53725 | N67: =N6+N28+M34+N47+N57 -> 40138 | O67: =+D67/C67 -> 1.1854383
E68: Đúng | M68: Ngày 12 tháng 07 năm 2024
D70: Tháng 1 | E70: Tháng 2 | F70: Tháng 3 | G70: Tháng 4 | H70: Tháng 5 | I70: Tháng 6 | J70: Tháng 7 | K70: Tháng 8 | L70: Tháng 9 | M70: Tháng 10 | N70: Tháng 11 | O70: Tháng 12 | P70: Năm 2024
B71: Sản lượng hàng tháng | D71: 1845076 | E71: 1453853.1 | F71: 1812571.5 | G71: 1892251.3 | H71: 1870176 | I71: 1911359 | P71: =SUM(D71:O71) -> 10785287
B72: % so với tháng trước đó | E72: =IF(D71>0,E71/D71,0)*100 -> 78.796382 | F72: =IF(E71>0,F71/E71,0)*100 -> 124.67363 | G72: =IF(F71>0,G71/F71,0)*100 -> 104.39596 | H72: =IF(G71>0,H71/G71,0)*100 -> 98.833383 | I72: =IF(H71>0,I71/H71,0)*100 -> 102.20209 | J72: =IF(H71>0,J71/H71,0)*100 -> 0 | K72: =IF(J71>0,K71/J71,0)*100 -> 0 | L72: =IF(K71>0,L71/K71,0)*100 -> 0 | M72: =IF(L71>0,M71/L71,0)*100 -> 0 | N72: =IF(M71>0,N71/M71,0)*100 -> 0 | O72: =IF(N71>0,O71/N71,0)*100 -> 0
A74: (*) Cảng chưa là thành viên VPA (số liệu được ước tính/tham khảo/cung cấp từ nguồn khác). Riêng số liệu năm 2022 của Gemalink có tính bx sà lan.
A75: Kể từ năm 2012, sản lượng thông qua không tính bốc xếp sà lan.
A76: Số liệu container trung chuyển, container 20', rỗng, lạnh và GN qua Sà lan không chính xác do nhiều cảng chưa thống kê đầy đủ
A77: Những ô để trống: không có số liệu (khác với trường hợp có số liệu = 0)
A78: Ban Thư ký VPA chân thành cám ơn các cảng đã cung cấp số liệu chi tiết nêu trên.
A79: Kính đề nghị các cảng xem xét và chỉnh sửa, bổ sung và báo ngay dùm cho BTK, nếu có thiếu sót.
A80: Dự kiến sẽ cung cấp thường xuyên số liệu cập nhật và chi tiết hơn cho các cảng để tham khảo, sử dụng.
B82: Container (Tấn>TEU) qua CMTV từng tháng năm 2024 có tính BX sà lan (Thông tin tham khảo thêm)
B83: Cảng | D83: Thang 1 | E83: Thang 2 | F83: Thang 3 | G83: Thang 4 | H83: Thang 5 | I83: Thang 6 | J83: Thang 7 | K83: Thang 8 | L83: Thang 9 | M83: Thang 10 | N83: Thang 11 | O83: Thang 12 | P83: Năm 2023 | Q83: Thị phần %
B84: Gemalink | D84: 250647.57 | E84: 303326.79 | F84: 278308.29 | G84: 329534.93 | H84: 264136.86 | I84: 280939.93 | P84: =SUM(D84:O84) -> 1706894.4 | Q84: =P84/$P$90 -> 0.3517286
B85: TCCT | D85: 51557.786 | E85: 38594.857 | F85: 40995.357 | G85: 33533.714 | H85: 15954.786 | I85: 52129.786 | P85: =SUM(D85:O85) -> 232766.29 | Q85: =P85/$P$90 -> 0.047964632
B86: TCIT | D86: 157521.86 | E86: 160543.86 | F86: 156602.71 | G86: 190080.79 | H86: 199613.79 | I86: 200030.57 | P86: =SUM(D86:O86) -> 1064393.6 | Q86: =P86/$P$90 -> 0.21933265
B87: TCTT | D87: 129327.71 | E87: 98880.786 | F87: 142655.5 | G87: 133507.36 | H87: 117586.21 | I87: 102160.14 | P87: =SUM(D87:O87) -> 724117.71 | Q87: =P87/$P$90 -> 0.14921422
B88: SSIT | D88: 81303.643 | E88: 79785.571 | F88: 99571 | G88: 105052.5 | H88: 95685.357 | I88: 101332.71 | P88: =SUM(D88:O88) -> 562730.79 | Q88: =P88/$P$90 -> 0.11595827
B89: CMIT | D89: 79967.429 | E89: 73659.643 | F89: 87559.357 | G89: 116176.93 | H89: 97186.071 | I89: 107421.21 | P89: =SUM(D89:O89) -> 561970.64 | Q89: =P89/$P$90 -> 0.11580163
D90: =SUM(D84:D89) -> 750326 | E90: =SUM(E84:E89) -> 754791.5 | F90: =SUM(F84:F89) -> 805692.21 | G90: =SUM(G84:G89) -> 907886.21 | H90: =SUM(H84:H89) -> 790163.07 | I90: =SUM(I84:I89) -> 844014.36 | J90: =SUM(J84:J89) -> 0 | K90: =SUM(K84:K89) -> 0 | ... O90: =SUM(O84:O89) -> 0 | P90: =SUM(D90:O90) -> 4852873.4 | Q90: =P90/$P$90 -> 1

Sheet T07-2024
A1: VPA - SẢN LƯỢNG CONTAINER (TEU) - THÁNG 7 NĂM 2024 / 2023
A3: KHU VỰC / Cảng | B3: Năm 2023 | C3: 7T 2023 | D3: 7T 2024 | E3: THÁNG 7-2024 | O3: 7T (2024 / 2023)
E4: CỘNG | F4: Nhập Ngoại | G4: Xuất Ngoại | H4: Nhập nội | I4: Xuất nội | J4: Trung chuyển | K4: 20' | L4: Rỗng | M4: Lạnh | N4: GN qua sà lan
A6: MIỀN BẮC | B6: =SUM(B8:B18) -> 4518182 | C6: 2435806 | D6: =SUM(D8:D18) -> 3013565 | E6: =SUM(E8:E18) -> 460622 | F6: =SUM(F8:F18) -> 196493 | G6: =SUM(G8:G18) -> 193818 | H6: =SUM(H8:H18) -> 29195 | I6: =SUM(I8:I18) -> 28060 | J6: =SUM(J8:J18) -> 0 | K6: =SUM(K8:K18) -> 56789 | ... N6: =SUM(N8:N18) -> 472 | O6: =+D6/C6 -> 1.2371942
A7: Quang Ninh | E7: =SUM(F7:J7) -> 0
A8: Cái Lân (CICT) | E8: =SUM(F8:J8) -> 0
A9: Hai Phong (Chùa Vẽ+Tân Vũ) | B9: =715133+126685+111732+106510+95851+111311 -> 1267222 | C9: 715133 | D9: =108077+85467+113186+113042+116756+109995+110509 -> 757032 | E9: =SUM(F9:J9) -> 110509 | F9: 42495 | G9: 41826 | H9: 14421 | I9: 11767 | O9: =+D9/C9 -> 1.0585891
A10: HICT (Lạch Huyện, HP) | B10: 1272859 | C10: 625690 | D10: =148719+103732+138638+114388+149772+144287+154524 -> 954060 | E10: =SUM(F10:J10) -> 154524 | F10: 77132 | G10: 77392 | K10: =9775+7952 -> 17727 | L10: =1569+652 -> 2221 | O10: =+D10/C10 -> 1.5248126
A11: Đoạn Xá | E11: =SUM(F11:J11) -> 0
A12: Đình vũ | B12: 491959 | C12: 281902 | D12: =39231+38035+45839+55212+55252+51874+53719 -> 339162 | E12: =SUM(F12:J12) -> 53719 | F12: 27222 | G12: 24183 | H12: 1028 | I12: 1286 | K12: =8014+3619+203+386 -> 12222 | L12: =72+3866+127+38 -> 4103 | O12: =+D12/C12 -> 1.2031202
A13: Nam Hải Đình Vũ | B13: 149160 | C13: 149160 | D13: 0 | E13: =SUM(F13:J13) -> 0 | O13: =+D13/C13 -> 0
A14: Nam Đình Vũ | B14: =27700+42263+60649+60306+68982+89333+103549+96251+80177+83538+83985+100491 -> 897224 | C14: 452782 | D14: =107401+71667+97692+112321+100543+91682+100061 -> 681367 | E14: =SUM(F14:J14) -> 100061 | F14: 49644 | G14: 50417 | K14: =10447+8710 -> 19157 | L14: =553+2789 -> 3342 | N14: 472 | O14: =+D14/C14 -> 1.5048456
A15: Tân Cảng 128 Hải Phòng | B15: =6147+7479+7850+9613+8350+10297+8331+8950+9929+9191+7491+7125 -> 100753 | C15: 58067 | D15: =5818+3471+4879+3146+1868+3203+3535 -> 25920 | E15: =SUM(F15:J15) -> 3535 | H15: 1793 | I15: 1742 | K15: 789 | L15: 460 | O15: =+D15/C15 -> 0.4463809
A16: Transvina | B16: =540+350 -> 890 | D16: =528 -> 528 | E16: 0
A17: PTSC Đình Vũ | B17: =14801+21013+19343+20052+25339+15490+23521+25450+24091+25115+25902+30182 -> 270299 | C17: 139559 | D17: =29509+14652+23209+24242+23009+26529+25218 -> 166368 | E17: =SUM(F17:J17) -> 25218 | H17: 11953 | I17: 13265 | K17: 6894 | L17: =1127+1311 -> 2438 | O17: =+D17/C17 -> 1.192098
A18: VIMC Đình Vũ | B18: 67816 | C18: 13513 | D18: =63204+12868+13056 -> 89128 | E18: 13056 | O18: =+D18/C18 -> 6.5957226
A19: Vip Green Port (*) | B19: 633659 | C19: 311094 | D19: 390003 | E19: 61407
A20: Green Port (*) | B20: 255481 | C20: 131237 | D20: =86240+22448+23244+20269 -> 152201 | E20: 20269
A21: Mipec (*) | B21: 92242 | C21: 65671 | D21: =15392+5518+8672+12966+12436 -> 54984 | E21: 12436
A22: Hải An (*) | B22: 400078 | C22: 181482 | D22: =36183+30507+38929+42926+38815+41506+38762 -> 267628 | E22: 38762
A23: TC 189 Hải Phòng (*) | B23: 171077 | C23: 86011 | D23: =60794+15126+16149+16947 -> 109016 | E23: 16947
A24: Nam Hải Dình Vũ (*) | B24: 270677 | C24: 167757 | D24: =22071+9654+13100+21751+25961+15202+11637 -> 119376 | E24: 11637
A25: Nam Hải | D25: =3457+12735+18119+18316+19560 -> 72187 | E25: 19560
B26: =SUM(B19:B25) -> 1823214 | C26: =SUM(C19:C25) -> 943252 | D26: =SUM(D19:D25) -> 1165395 | E26: =SUM(E19:E25) -> 181018
A28: MIỀN TRUNG | B28: =SUM(B29:B32) -> 860026 | C28: 479005 | D28: =SUM(D29:D32) -> 559117 | E28: =SUM(E29:E32) -> 82417 | F28: =SUM(F29:F32) -> 29221 | G28: =SUM(G29:G32) -> 31414 | H28: =SUM(H29:H32) -> 10528 | I28: =SUM(I29:I32) -> 11254 | J28: =SUM(J29:J32) -> 0 | K28: =SUM(K29:K32) -> 13426 | L28: =SUM(L29:L32) -> 3244 | M28: 0 | N28: =SUM(N29:N32) -> 0 | O28: =+D28/C28 -> 1.1672467
A29: Nghe Tinh | B29: =30481+3346 -> 33827 | C29: 18703 | D29: =4188+2189+2953+3363+3389+2628+3750 -> 22460 | E29: =SUM(F29:J29) -> 3758 | H29: 1844 | I29: 1914 | K29: =546+878 -> 1424 | L29: =282+878 -> 1160 | O29: =+D29/C29 -> 1.2008769
A30: Da Nang | B30: 675254 | C30: 370809 | D30: =64505+48073+62185+62452+59765+64280+67096 -> 428356 | E30: =SUM(F30:J30) -> 67096 | F30: 23914 | G30: 26196 | H30: 7847 | I30: 9139 | K30: =4065+4787+1953+1197 -> 12002 | L30: =517+569+506+492 -> 2084 | M30: 0 | N30: 0 | O30: =+D30/C30 -> 1.1551931
A31: Quy Nhon | B31: =120488+12239+18218 -> 150945 | C31: =89493+11563 -> 101056 | D31: =22490+11900+19473+16591+12914+13370+11563 -> 108301 | E31: =SUM(F31:J31) -> 11563 | F31: 5307 | G31: 5218 | H31: 837 | I31: 201 | O31: =+D31/C31 -> 1.0716929
A32: Cam Ranh | B32: 0 | C32: 0
A34: TP HCM | B34: =SUM(B35:B45) -> 8314054 | C34: 4679787 | D34: =SUM(D35:D45) -> 5204286 | E34: =SUM(E35:E45) -> 794644 | F34: =SUM(F35:F45) -> 312592 | G34: =SUM(G35:G45) -> 254118 | H34: =SUM(H35:H45) -> 94831 | I34: =SUM(I35:I45) -> 131680 | J34: =SUM(J35:J45) -> 1423 | K34: =SUM(K35:K45) -> 175258 | ... N34: =SUM(N35:N45) -> 61241 | O34: =+D34/C34 -> 1.1120775
A35: Binh Duong | B35: =439746+58130+61049 -> 558925 | C35: 298937 | D35: =176793+71526+59980+65204+71423 -> 444926 | E35: =SUM(F35:J35) -> 71423 | H35: 17792 | I35: 53631 | K35: 2561 | L35: =13428 -> 13428 | O35: =+D35/C35 -> 1.4883604
A36: Đồng Nai | B36: =506252+63971 -> 570223 | C36: 297583 | D36: =315296+56739 -> 372035 | E36: =SUM(F36:J36) -> 56739 | H36: 9484 | I36: 47255 | K36: 1187 | L36: =9178 -> 9178 | N36: 56739 | O36: =+D36/C36 -> 1.250189
A37: ITC- CORP | B37: =42017+51282+45948+47390+55304+49234+45680+47437+43911+34616+30188+41910 -> 534917 | C37: 338855 | D37: =43919+38655+49389+49920+41452+46211+54147 -> 323693 | E37: =SUM(F37:J37) -> 54147 | F37: 21058 | G37: 19986 | H37: 5222 | I37: 6458 | J37: 1423 | K37: =3651+4957+1467+846+31 -> 10952 | L37: =967+317+1+594+72 -> 1951 | N37: 2678 | O37: =+D37/C37 -> 0.9552552
A38: Cảng Sai Gòn | B38: =154869+18461+17185+18184+22072 -> 230771 | C38: 121091 | D38: =20214+11681+23581+25619+22301+21824+20127 -> 145347 | E38: =SUM(F38:J38) -> 20127 | G38: 10 | H38: 10060 | I38: 10057 | K38: =2730+1961 -> 4691 | L38: =262+968 -> 1230 | M38: 294 | O38: =+D38/C38 -> 1.2003122
A39: Ben Nghe | B39: =50925+32855+32535+28886+28236+30552+33558+32390+29858+33841+31383 -> 365019 | C39: 203989 | D39: =36191+20920+29070+23929+27875+30427+28473 -> 196885 | E39: =SUM(H39:J39) -> 28473 | H39: 14194 | I39: 14279 | K39: =4806+4299 -> 9105 | L39: =72+544 -> 616 | N39: 0 | O39: =+D39/C39 -> 0.96517459
A40: Tan Cang - Hiệp Phước | B40: =5696+3958+5815+9110+7468+13154+12856+16704+16494+13524+11707+13991 -> 130477 | C40: 58057 | D40: =12008+9467+14763+14113+14691+14606+10209 -> 89857 | E40: =SUM(F40:J40) -> 10209 | F40: 2614 | G40: 7595 | K40: =918+1269 -> 2187 | L40: =18+1280 -> 1298 | O40: =+D40/C40 -> 1.5477376
A41: Tan Cang - Cat Lai | B41: =372397+393542+480876+438506+433683+444706+469051+460647+432596+460939+470477+474708 -> 5332128 | C41: 3032761 | D41: =492323+373517+489518+501319+498148+483300+509517 -> 3347642 | E41: =SUM(F41:J41) -> 509517 | F41: 284281 | G41: 225236 | K41: =77370+66737 -> 144107 | L41: =4051+12109 -> 16160 | O41: =+D41/C41 -> 1.1038265
A42: VICT | B42: =32440+39588+48102+43548+41412+40968+51704+51435+55440+57617+45700+41689 -> 549643 | C42: 297762 | D42: =41444+27037+39698+37856+42480+38521+41958 -> 268994 | E42: =SUM(F42:J42) -> 41958 | F42: 3879 | H42: 38079 | O42: =+D42/C42 -> 0.90338593
A43: SPCT | B43: =SUM(D43:G43) -> 0
A44: Lotus | B44: =2388+2166+2181+2143+2735+2159+2232+3124+2401+2891+2264+3229 -> 29913 | C44: 16004 | D44: =1591+185+300+228+282+250+254 -> 3090 | E44: =SUM(F44:J44) -> 254 | F44: 94 | G44: 160 | K44: 254 | L44: =94 -> 94 | N44: 27 | O44: =+D44/C44 -> 0.19307673
A45: Phuoc Long ICD | B45: 12038 | C45: 6749 | D45: =5554+2707+1759+1797 -> 11817 | E45: =SUM(F45:F45:J45) -> 1797 | F45: 666 | G45: 1131 | K45: =67+147 -> 214 | L45: =383 -> 383 | N45: 1797 | O45: =+D45/C45 -> 1.7509261
A47: BR-VT | B47: =SUM(B48:B55) -> 4797590 | C47: =SUM(C48:C55) -> 2602682 | D47: =SUM(D48:D55) -> 3527107 | E47: =SUM(E48:E54) -> 590900 | F47: =SUM(F48:F55) -> 225532 | G47: =SUM(G48:G55) -> 288673 | H47: =SUM(H48:H55) -> 8248 | I47: =SUM(I48:I55) -> 6891 | J47: =SUM(J48:J55) -> 61556 | K47: =SUM(K48:K55) -> 39538 | L47: =SUM(L48:L55) -> 32468 | M47: =SUM(M48:M55) -> 1027 | N47: =SUM(N48:N55) -> 55695 | O47: =+D47/C47 -> 1.3551817
A48: SP-PSA | B48: 0 | C48: 0 | E48: =SUM(F48:J48) -> 0
A49: Tân Cảng - TCIT | B49: =127394+89400+147995+127434+174236+176428+189135+187087+174544+192913+163797+135579 -> 1885942 | C49: 1032022 | D49: =152617+131920+130997+153389+149066+196349+174625 -> 1088963 | E49: =SUM(F49:J49) -> 174625 | F49: 67470 | G49: 76574 | H49: 7671 | I49: 6764 | J49: 16146 | K49: =2779+6727+1410+612+748 -> 12276 | L49: =4673+253+7+466+126 -> 5525 | O49: =+D49/C49 -> 1.0551742
A51: Tân Cảng - TCTT (TCOT cũ) | B51: =47356+52560+79724+85499+66734+68133+73487+69407+60723+61109+72181+84025 -> 820938 | C51: 473493 | D51: =97537+55586+99611+80866+84077+87464+89817 -> 594958 | E51: =SUM(F51:J51) -> 89817 | F51: 41413 | G51: 39712 | J51: 8692 | K51: =1022+3677+919 -> 5618 | L51: =1545+17+43 -> 1605 | O51: =+D51/C51 -> 1.2565297
A52: CMIT | B52: =38855+42860+48337+46082+47751+44611+75076+55809+60576+63502+55882+64932 -> 644273 | C52: 343572 | D52: =59734+65037+69566+76869+85180+98871+84349 -> 539606 | E52: =SUM(F52:J52) -> 84349 | F52: 24264 | G52: 41600 | J52: 18485 | K52: 13921 | L52: =13267+90+1503 -> 14860 | O52: =+D52/C52 -> 1.5705762
A53: SSIT | B53: =38927+25455+65397+44769+34250+34453+44944+60275+38990+46527+28707+33843 -> 496537 | C53: 288195 | D53: =47624+41548+39771+61527+61540+40461+59109 -> 351580 | E53: =SUM(F53:J53) -> 59109 | F53: 12012 | G53: 28160 | H53: 577 | I53: 127 | J53: 18233 | K53: 7723 | L53: =7032+5+40+3401 -> 10478 | M53: 1027 | N53: 55695 | O53: =+D53/C53 -> 1.2199379
A54: GEMALINK (*) | B54: 949900 | C54: 465400 | D54: 952000 | E54: 183000 | F54: 80373 | G54: 102627 | O54: =+D54/C54 -> 2.0455522
A55: SITV
A57: ĐỒNG BẰNG SCL | B57: =SUM(B58:B65) -> 71421 | C57: 42813 | D57: =SUM(D58:D65) -> 30802 | E57: =SUM(E58:E65) -> 3927 | F57: =SUM(F58:F65) -> 0 | G57: =SUM(G58:G65) -> 0 | H57: =SUM(H58:H65) -> 1971 | I57: =SUM(I58:I65) -> 1956 | J57: =SUM(J58:J65) -> 0 | K57: =SUM(K58:K65) -> 1679 | ... N57: =SUM(N58:N65) -> 3359 | O57: =+D57/C57 -> 0.71945437
A58: Can Tho/ Cái Cui | B58: =122+557+792+366+499+468+393+769+628+559+497+230 -> 5880 | C58: 3197 | D58: =335+74+675+1816+624+522+232 -> 4278 | E58: =SUM(F58:J58) -> 232 | H58: 116 | I58: 116 | K58: =58+10 -> 68 | L58: =48 -> 48 | O58: =+D58/C58 -> 1.3381295
A59: Tân Cảng Cái Cui | C59: 0 | E59: =SUM(F59:J59) -> 0
A60: Tra Noc CT | B60: =774+884+1093+1806+989+1127+1587+1317+1182+1138+1729+1456 -> 15082 | C60: 8260 | D60: =1670+1062+1129+1350+1391+1439+1192 -> 9233 | E60: =SUM(F60:J60) -> 1192 | H60: 563 | I60: 629 | K60: =125+426 -> 551 | L60: =404+151 -> 555 | N60: 1192 | O60: =+D60/C60 -> 1.1177966
A61: An Giang | B61: =19101+1605+2057+920+1082 -> 24765 | C61: 17259 | D61: =1089+517+1381+2546+1336+1503+1713 -> 10085 | E61: =SUM(F61:J61) -> 1713 | H61: 878 | I61: 835 | K61: =2+662 -> 664 | L61: =708+5 -> 713 | N61: 1377 | O61: =+D61/C61 -> 0.58433281
A62: Vinh Long | B62: =SUM(D62:G62) -> 0 | C62: 0 | E62: =SUM(F62:J62) -> 0
A63: Tan Cang - Sa Dec | B63: 19597 | C63: 10286 | D63: =949+632+800+680+378+254+120 -> 3813 | E63: =SUM(F63:J63) -> 120 | H63: 70 | I63: 50 | K63: 50 | L63: 70 | N63: 120 | O63: =+D63/C63 -> 0.37069804
A64: Tan Cang - Thốt Nốt (*) | C64: 12075 | E64: =SUM(F64:J64) -> 0 | O64: =+D64/C64 -> 0
A65: VIMC- Hậu Giang | B65: =3284+527+85+247+741+628+585 -> 6097 | C65: 3811 | D65: =703+210+509+267+526+508+670 -> 3393 | E65: =SUM(F65:J65) -> 670 | H65: 344 | I65: 326 | K65: =332+14 -> 346 | L65: =12+312 -> 324 | N65: 670 | O65: =+D65/C65 -> 0.8903175
A67: TỔNG CỘNG | B67: =B6+B28+B34+B47+B57 -> 18561273 | C67: =C6+C28+C34+C47+C57 -> 10240093 | D67: =D6+D28+D34+D47+D57 -> 12334877 | E67: =E6+E28+E34+E47+E57 -> 1932510 | F67: =F6+F28+F34+F47+F57 -> 763838 | G67: =G6+G28+F34+G47+G57 -> 826497 | H67: =H6+H28+G34+H47+H57 -> 304060 | I67: =I6+I28+H34+I47+I57 -> 142992 | J67: =J6+J28+I34+J47+J57 -> 193236 | K67: =K6+K28+J34+K47+K57 -> 112855 | L67: =L6+L28+K34+L47+L57 -> 225244 | M67: =M6+M28+L34+M47+M57 -> 45365 | N67: =N6+N28+M34+N47+N57 -> 59820 | O67: =+D67/C67 -> 1.2045669
A68: Tổng cộng VPA và Cảng khác | B68: =B67+B26 -> 20384487 | C68: =C67+C26 -> 11183345 | D68: =D67+D26 -> 13500272 | E68: =E67+E26 -> 2113528 | O68: =+D68/C68 -> 1.2071766
M69: Ngày 12 tháng 08 năm 2024
D71: Tháng 1 | E71: Tháng 2 | F71: Tháng 3 | G71: Tháng 4 | H71: Tháng 5 | I71: Tháng 6 | J71: Tháng 7 | K71: Tháng 8 | L71: Tháng 9 | M71: Tháng 10 | N71: Tháng 11 | O71: Tháng 12 | P71: Năm 2024
B72: Sản lượng hàng tháng | D72: 1845076 | E72: 1453853.1 | F72: 1812571.5 | G72: 1892251.3 | H72: 1870176 | I72: 1911359 | J72: 1961723 | P72: =SUM(D72:O72) -> 12747010
B73: % so với tháng trước đó | E73: =IF(D72>0,E72/D72,0)*100 -> 78.796382 | F73: =IF(E72>0,F72/E72,0)*100 -> 124.67363 | G73: =IF(F72>0,G72/F72,0)*100 -> 104.39596 | H73: =IF(G72>0,H72/G72,0)*100 -> 98.833383 | I73: =IF(H72>0,I72/H72,0)*100 -> 102.20209 | J73: =IF(H72>0,J72/H72,0)*100 -> 104.8951 | K73: =IF(J72>0,K72/J72,0)*100 -> 0 | L73: =IF(K72>0,L72/K72,0)*100 -> 0 | M73: =IF(L72>0,M72/L72,0)*100 -> 0 | N73: =IF(M72>0,N72/M72,0)*100 -> 0 | O73: =IF(N72>0,O72/N72,0)*100 -> 0
A75: (*) Cảng chưa là thành viên VPA (số liệu được ước tính/tham khảo/cung cấp từ nguồn khác). Riêng số liệu năm 2022 của Gemalink có tính bx sà lan.
A76: Kể từ năm 2012, sản lượng thông qua không tính bốc xếp sà lan.
A77: Số liệu container trung chuyển, container 20', rỗng, lạnh và GN qua Sà lan không chính xác do nhiều cảng chưa thống kê đầy đủ
A78: Những ô để trống: không có số liệu (khác với trường hợp có số liệu = 0)
A79: Ban Thư ký VPA chân thành cám ơn các cảng đã cung cấp số liệu chi tiết nêu trên.
A80: Kính đề nghị các cảng xem xét và chỉnh sửa, bổ sung và báo ngay dùm cho BTK, nếu có thiếu sót.
A81: Dự kiến sẽ cung cấp thường xuyên số liệu cập nhật và chi tiết hơn cho các cảng để tham khảo, sử dụng.
B83: Container (Tấn>TEU) qua CMTV từng tháng năm 2024 có tính BX sà lan (Thông tin tham khảo thêm)
B84: Cảng | D84: Thang 1 | E84: Thang 2 | F84: Thang 3 | G84: Thang 4 | H84: Thang 5 | I84: Thang 6 | J84: Thang 7 | K84: Thang 8 | L84: Thang 9 | M84: Thang 10 | N84: Thang 11 | O84: Thang 12 | P84: Năm 2024 | Q84: Thị phần %
B85: Gemalink | D85: 250647.57 | E85: 303326.79 | F85: 278308.29 | G85: 329534.93 | H85: 264136.86 | I85: 280939.93 | J85: 288262.21 | P85: =SUM(D85:O85) -> 1995156.6 | Q85: =P85/$P$92 -> 0.34670991
B86: TCCT | D86: 51557.786 | E86: 38594.857 | F86: 40995.357 | G86: 33533.714 | H86: 15954.786 | I86: 52129.786 | J86: 43316.857 | P86: =SUM(D86:O86) -> 276083.14 | Q86: =P86/$P$92 -> 0.047976566
B87: TCIT | D87: 157521.86 | E87: 160543.86 | F87: 156602.71 | G87: 190080.79 | H87: 199613.79 | I87: 200030.57 | J87: 179224.21 | P87: =SUM(D87:O87) -> 1243617.8 | Q87: =P87/$P$92 -> 0.21611066
B88: TCTT | D88: 129327.71 | E88: 98880.786 | F88: 142655.5 | G88: 133507.36 | H88: 117586.21 | I88: 102160.14 | J88: 115071.29 | P88: =SUM(D88:O88) -> 839189 | Q88: =P88/$P$92 -> 0.14583073
B89: SSIT | D89: 81303.643 | E89: 79785.571 | F89: 99571 | G89: 105052.5 | H89: 95685.357 | I89: 101332.71 | J89: 110053 | P89: =SUM(D89:O89) -> 672783.79 | Q89: =P89/$P$92 -> 0.11691353
B90: CMIT | D90: 79967.429 | E90: 73659.643 | F90: 87559.357 | G90: 116176.93 | H90: 97186.071 | I90: 107421.21 | J90: 106410.43 | P90: =SUM(D90:O90) -> 668381.07 | Q90: =P90/$P$92 -> 0.11614845
B91: LONG SON | D91: 2349.7857 | E91: 4728.1429 | F91: 9206.7857 | G91: 12338.643 | H91: 9361.4286 | I91: 10276.429 | J91: 11068.929 | P91: =SUM(D91:O91) -> 59330.143 | Q91: =P91/$P$92 -> 0.010310142
D92: =SUM(D85:D91) -> 752675.79 | E92: =SUM(E85:E91) -> 759519.64 | F92: =SUM(F85:F91) -> 814899 | G92: =SUM(G85:G91) -> 920224.86 | H92: =SUM(H85:H91) -> 799524.5 | I92: =SUM(I85:I91) -> 854290.79 | J92: =SUM(J85:J91) -> 853406.93 | K92: =SUM(K85:K91) -> 0 | ... P92: =SUM(P85:P91) -> 5754541.5 | Q92: =P92/$P$92 -> 1

Sheet T08-2024
A1: VPA - SẢN LƯỢNG CONTAINER (TEU) - THÁNG 8 NĂM 2024 / 2023
A3: KHU VỰC / Cảng | B3: Năm 2023 | C3: 8T2023 | D3: 8T 2024 | E3: THÁNG 8-2024 | O3: 8T (2024 / 2023)
E4: CỘNG | F4: Nhập Ngoại | G4: Xuất Ngoại | H4: Nhập nội | I4: Xuất nội | J4: Trung chuyển | K4: 20' | L4: Rỗng | M4: Lạnh | N4: GN qua sà lan
A6: MIỀN BẮC | B6: =SUM(B8:B18) -> 4518182 | C6: 2849439 | D6: =SUM(D8:D18) -> 3490608 | E6: =SUM(E8:E18) -> 477043 | F6: =SUM(F8:F18) -> 206530 | G6: =SUM(G8:G18) -> 202023 | H6: =SUM(H8:H18) -> 29934 | I6: =SUM(I8:I18) -> 26317 | J6: =SUM(J8:J18) -> 0 | K6: =SUM(K8:K18) -> 61829 | ... N6: =SUM(N8:N18) -> 266 | O6: =+D6/C6 -> 1.2250159
A7: Quang Ninh | E7: =SUM(F7:J7) -> 0
A8: Cái Lân (CICT) | E8: =SUM(F8:J8) -> 0
A9: Hai Phong (Chùa Vẽ+Tân Vũ) | B9: =715133+126685+111732+106510+95851+111311 -> 1267222 | C9: 841818 | D9: =108077+85467+113186+113042+116756+109995+110509+101300 -> 858332 | E9: =SUM(F9:J9) -> 101300 | F9: 37566 | G9: 39547 | H9: 12851 | I9: 11336 | O9: =+D9/C9 -> 1.0196171
A10: HICT (Lạch Huyện, HP) | B10: 1272859 | C10: 727980 | D10: =148719+103732+138638+114388+149772+144287+154524+162231 -> 1116291 | E10: =SUM(F10:J10) -> 162231 | F10: 82431 | G10: 79800 | K10: =8134+7701 -> 15835 | L10: =1629+843 -> 2472 | O10: =+D10/C10 -> 1.5334089
A11: Đoạn Xá | E11: =SUM(F11:J11) -> 0
A12: Đình vũ | B12: 491959 | C12: 327428 | D12: =39231+38035+45839+55212+55252+51874+53719+51193 -> 390355 | E12: =SUM(F12:J12) -> 51193 | F12: 24012 | G12: 25787 | H12: 1128 | I12: 266 | K12: =7678+3348+57+151 -> 11234 | L12: =36+5429+71+5 -> 5541 | O12: =+D12/C12 -> 1.1921858
A13: Nam Hải Đình Vũ | B13: 149160 | C13: 149160 | D13: 0 | O13: =+D13/C13 -> 0
A14: Nam Đình Vũ | B14: =27700+42263+60649+60306+68982+89333+103549+96251+80177+83538+83985+100491 -> 897224 | C14: 549033 | D14: =107401+71667+97692+112321+100543+91682+100061+119410 -> 800777 | E14: =SUM(F14:J14) -> 119410 | F14: 62521 | G14: 56889 | K14: 26682 | L14: =12660+9915 -> 22575 | M14: 6269 | N14: 266 | O14: =+D14/C14 -> 1.4585225
A15: Tân Cảng 128 Hải Phòng | B15: =6147+7479+7850+9613+8350+10297+8331+8950+9929+9191+7491+7125 -> 100753 | C15: 67017 | D15: =5818+3471+4879+3146+1868+3203+3535+2520 -> 28440 | E15: =SUM(F15:J15) -> 2520 | H15: 1401 | I15: 1119 | K15: =270+206 -> 476 | L15: =21+129 -> 150 | O15: =+D15/C15 -> 0.42436994
A16: Transvina | B16: =540+350 -> 890 | C16: 540 | D16: =528 -> 528 | E16: 0 | O16: =+D16/C16 -> 0.97777778
A17: PTSC Đình Vũ | B17: =14801+21013+19343+20052+25339+15490+23521+25450+24091+25115+25902+30182 -> 270299 | C17: 165009 | D17: =29509+14652+23209+24242+23009+26529+25218+28150 -> 194518 | E17: =SUM(F17:J17) -> 28150 | H17: 14554 | I17: 13596 | K17: 7602 | L17: =2249+1180 -> 3429 | O17: =+D17/C17 -> 1.1788327
A18: VIMC Đình Vũ / cập nhật | B18: 67816 | C18: 21454 | D18: =63204+12868+13056+12239 -> 101367 | E18: 12239 | O18: =+D18/C18 -> 4.7248532
A19: Vip Green Port (*) | B19: 633659 | C19: 415433 | D19: 450966 | E19: 60953
A20: Green Port (*) | B20: 255481 | C20: 172607 | D20: 185932 | E20: 33731
A21: Mipec (*) | B21: 92242 | C21: 80197 | D21: 68446 | E21: 13462
A22: Hải An (*) | B22: 400078 | C22: 251716 | D22: 300953 | E22: 33325
A23: TC 189 Hải Phòng (*) | B23: 171077 | C23: 110930 | D23: 123245 | E23: 14229
A24: Nam Hải Dình Vũ (*) | B24: 270677 | C24: 206371 | D24: 137928 | E24: 18552
A25: Nam Hải | D25: 89439 | E25: 17252
B26: =SUM(B19:B25) -> 1823214 | C26: 1237254 | D26: =SUM(D19:D25) -> 1356909 | E26: =SUM(E19:E25) -> 191504
A28: MIỀN TRUNG | B28: =SUM(B29:B32) -> 860026 | C28: 550927 | D28: =SUM(D29:D32) -> 643020 | E28: =SUM(E29:E32) -> 83903 | F28: =SUM(F29:F32) -> 34700 | G28: =SUM(G29:G32) -> 29853 | H28: =SUM(H29:H32) -> 9607 | I28: =SUM(I29:I32) -> 9743 | J28: =SUM(J29:J32) -> 0 | K28: =SUM(K29:K32) -> 16360 | L28: =SUM(L29:L32) -> 13497 | M28: 0 | N28: =SUM(N29:N32) -> 0 | O28: =+D28/C28 -> 1.1671601
A29: Nghe Tinh | B29: =30481+3346 -> 33827 | C29: 21603 | D29: =4188+2189+2953+3363+3389+2628+3750+3460 -> 25920 | E29: =SUM(F29:J29) -> 3460 | H29: 1769 | I29: 1691 | K29: =721+798 -> 1519 | L29: =212+2 -> 214 | O29: =+D29/C29 -> 1.1998334
A30: Da Nang | B30: 675254 | C30: 429974 | D30: =64505+48073+62185+62452+59765+64280+67096+71165 -> 499521 | E30: =SUM(F30:J30) -> 71165 | F30: 30665 | G30: 25526 | H30: 7169 | I30: 7805 | K30: 13821 | L30: =2599+2940+1583+5557 -> 12679 | O30: =+D30/C30 -> 1.161747
A31: Quy Nhon | B31: =120488+12239+18218 -> 150945 | C31: 99350 | D31: =22490+11900+19473+16591+12914+13370+11563+9278 -> 117579 | E31: =SUM(F31:J31) -> 9278 | F31: 4035 | G31: 4327 | H31: 669 | I31: 247 | K31: =247+602+108+63 -> 1020 | L31: =514+13+67+10 -> 604 | O31: =+D31/C31 -> 1.1834826
A32: Cam Ranh | B32: 0
A34: TP HCM | B34: =SUM(B35:B45) -> 8314054 | C34: 5417362 | D34: =SUM(D35:D45) -> 6001506 | E34: =SUM(E35:E45) -> 797220 | F34: =SUM(F35:F45) -> 314241 | G34: =SUM(G35:G45) -> 243423 | H34: =SUM(H35:H45) -> 98214 | I34: =SUM(I35:I45) -> 138574 | J34: =SUM(J35:J45) -> 2768 | K34: =SUM(K35:K45) -> 171716 | ... N34: =SUM(N35:N45) -> 66920 | O34: =+D34/C34 -> 1.1078281
A35: Binh Duong | B35: =439746+58130+61049 -> 558925 | C35: 345561 | D35: =176793+71526+59980+65204+71423+79211 -> 524137 | E35: =SUM(F35:J35) -> 79211 | H35: 20931 | I35: 58280 | K35: 1925 | L35: =16893+4 -> 16897 | O35: =+D35/C35 -> 1.5167713
A36: Đồng Nai | B36: =506252+63971 -> 570223 | C36: 350561 | D36: =315296+56739+61665 -> 433700 | E36: =SUM(F36:J36) -> 61665 | H36: 10759 | I36: 50906 | K36: 1489 | L36: =10548+6 -> 10554 | N36: 61665 | O36: =+D36/C36 -> 1.2371599
A37: ITC- CORP | B37: =42017+51282+45948+47390+55304+49234+45680+47437+43911+34616+30188+41910 -> 534917 | C37: 384227 | D37: =43919+38655+49389+49920+41452+46211+54147+61115 -> 384808 | E37: =SUM(F37:J37) -> 61115 | F37: 25426 | G37: 21614 | H37: 5869 | I37: 5438 | J37: 2768 | K37: =3519+5347+1433+831+34 -> 11164 | L37: =1339+51+132+425 -> 1947 | N37: 4251 | O37: =+D37/C37 -> 1.0015121
A38: Cảng Sai Gòn | B38: =154869+18461+17185+18184+22072 -> 230771 | C38: 154869 | D38: =20214+11681+23581+25619+22301+21824+20127+19528 -> 164875 | E38: =SUM(F38:J38) -> 19528 | H38: 9355 | I38: 10173 | K38: =2585+2410 -> 4995 | L38: =218+609 -> 827 | M38: 287 | O38: =+D38/C38 -> 1.0646094
A39: Ben Nghe | B39: =50925+32855+32535+28886+28236+30552+33558+32390+29858+33841+31383 -> 365019 | C39: 237547 | D39: =36191+20920+29070+23929+27875+30427+28473+27605 -> 224490 | E39: =SUM(H39:J39) -> 27605 | H39: 13828 | I39: 13777 | K39: 8889 | L39: =1563+1252 -> 2815 | M39: 200 | O39: =+D39/C39 -> 0.94503404
A40: Tan Cang - Hiệp Phước | B40: =5696+3958+5815+9110+7468+13154+12856+16704+16494+13524+11707+13991 -> 130477 | C40: 89857 | D40: =12008+9467+14763+14113+14691+14606+10209+8082 -> 97939 | E40: =SUM(F40:J40) -> 8082 | F40: 1525 | G40: 6557 | J40: 0 | K40: =693+1138 -> 1831 | L40: =50+979 -> 1029 | O40: =+D40/C40 -> 1.0899429
A41: Tan Cang - Cat Lai | B41: =372397+393542+480876+438506+433683+444706+469051+460647+432596+460939+470477+474708 -> 5332128 | C41: 3493408 | D41: =492323+373517+489518+501319+498148+483300+509517+496996 -> 3844638 | E41: =SUM(F41:J41) -> 496996 | F41: 282492 | G41: 214504 | K41: =78189+62797 -> 140986 | L41: =3835+12153 -> 15988 | O41: =+D41/C41 -> 1.1005408
A42: VICT | B42: =32440+39588+48102+43548+41412+40968+51704+51435+55440+57617+45700+41689 -> 549643 | C42: 349197 | D42: =41444+27037+39698+37856+42480+38521+41958+41846 -> 310840 | E42: =SUM(F42:J42) -> 41846 | F42: 4374 | H42: 37472 | O42: =+D42/C42 -> 0.89015656
A43: SPCT | B43: =SUM(D43:G43) -> 0 | C43: 0
A44: Lotus | B44: =2388+2166+2181+2143+2735+2159+2232+3124+2401+2891+2264+3229 -> 29913 | C44: 19128 | D44: =1591+185+300+228+282+250+254+222 -> 3312 | E44: =SUM(F44:J44) -> 222 | F44: 99 | G44: 123 | H44: 0 | I44: 0 | K44: =123 -> 123 | L44: =99+0 -> 99 | N44: 54 | O44: =+D44/C44 -> 0.17314931
A45: Phuoc Long ICD | B45: 12038 | C45: 8372 | D45: =5554+2707+1759+1797+950 -> 12767 | E45: =SUM(F45:F45:J45) -> 950 | F45: 325 | G45: 625 | K45: 314 | L45: =212+2 -> 214 | N45: 950 | O45: =+D45/C45 -> 1.5249642
A47: BR-VT | B47: =SUM(B48:B55) -> 4797590 | C47: =SUM(C48:C55) -> 3053260 | D47: =SUM(D48:D55) -> 4150043 | E47: =SUM(E48:E54) -> 622936 | F47: =SUM(F48:F55) -> 262544 | G47: =SUM(G48:G55) -> 292819 | H47: =SUM(H48:H55) -> 6323 | I47: =SUM(I48:I55) -> 4207 | J47: =SUM(J48:J55) -> 57043 | K47: =SUM(K48:K55) -> 27627 | L47: =SUM(L48:L55) -> 53506 | M47: =SUM(M48:M55) -> 1324 | N47: =SUM(N48:N55) -> 71478 | O47: =+D47/C47 -> 1.359217
A48: SP-PSA
A49: Tân Cảng - TCIT | B49: =127394+89400+147995+127434+174236+176428+189135+187087+174544+192913+163797+135579 -> 1885942 | C49: 1219109 | D49: =152617+131920+130997+153389+149066+196349+174625+189556 -> 1278519 | E49: =SUM(F49:J49) -> 189556 | F49: 83005 | G49: 83571 | H49: 6323 | I49: 4207 | J49: 12450 | K49: =1382+3338+792 -> 5512 | L49: =2192+421+446 -> 3059 | O49: =+D49/C49 -> 1.0487323
A51: Tân Cảng - TCTT (TCOT cũ) | B51: =47356+52560+79724+85499+66734+68133+73487+69407+60723+61109+72181+84025 -> 820938 | C51: 542900 | D51: =97537+55586+99611+80866+84077+87464+89817+110297 -> 705255 | E51: =SUM(F51:J51) -> 110297 | F51: 52766 | G51: 46331 | J51: 11200 | O51: =+D51/C51 -> 1.2990514
A52: CMIT | B52: =38855+42860+48337+46082+47751+44611+75076+55809+60576+63502+55882+64932 -> 644273 | C52: 399381 | D52: =59734+65037+69566+76869+85180+98871+84349+95878 -> 635484 | E52: =SUM(F52:J52) -> 95878 | F52: 34795 | G52: 42216 | J52: 18867 | K52: 13832 | L52: =26251+438+1318 -> 28007 | O52: =+D52/C52 -> 1.5911723
A53: SSIT | B53: =38927+25455+65397+44769+34250+34453+44944+60275+38990+46527+28707+33843 -> 496537 | C53: 348470 | D53: =47624+41548+39771+61527+61540+40461+59109+75205 -> 426785 | E53: =SUM(F53:J53) -> 75205 | F53: 22449 | G53: 38230 | J53: 14526 | K53: 8283 | L53: =17922+8+4510 -> 22440 | M53: 1324 | N53: 71478 | O53: =+D53/C53 -> 1.2247396
A54: GEMALINK (*) | B54: 949900 | C54: 543400 | D54: 1104000 | E54: =SUM(F54:G54) -> 152000 | F54: 69529 | G54: 82471 | O54: =+D54/C54 -> 2.0316526
A55: SITV
A57: ĐỒNG BẰNG SCL | B57: =SUM(B58:B65) -> 71421 | C57: 48833 | D57: =SUM(D58:D65) -> 34899 | E57: =SUM(E58:E65) -> 4443 | F57: =SUM(F58:F65) -> 0 | G57: =SUM(G58:G65) -> 0 | H57: =SUM(H58:H65) -> 2454 | I57: =SUM(I58:I65) -> 1989 | J57: =SUM(J58:J65) -> 0 | K57: =SUM(K58:K65) -> 2957 | ... N57: =SUM(N58:N65) -> 3454 | O57: =+D57/C57 -> 0.71466017
A58: Can Tho/ Cái Cui | B58: =122+557+792+366+499+468+393+769+628+559+497+230 -> 5880 | C58: 3966 | D58: =335+74+675+1816+624+522+232+273 -> 4551 | E58: =SUM(F58:J58) -> 273 | H58: 116 | I58: 157 | K58: =18+19 -> 37 | L58: 26 | O58: =+D58/C58 -> 1.1475038
A59: Tân Cảng Cái Cui | E59: =SUM(F59:J59) -> 0
A60: Tra Noc CT | B60: =774+884+1093+1806+989+1127+1587+1317+1182+1138+1729+1456 -> 15082 | C60: 9577 | D60: =1670+1062+1129+1350+1391+1439+1192+1252 -> 10485 | E60: =SUM(F60:J60) -> 1252 | H60: 661 | I60: 591 | K60: 1114 | L60: =287+227 -> 514 | N60: 1252 | O60: =+D60/C60 -> 1.0948105
A61: An Giang | B61: =19101+1605+2057+920+1082 -> 24765 | C61: 19101 | D61: =1089+517+1381+2546+1336+1503+1713+1785 -> 11870 | E61: =SUM(F61:J61) -> 1785 | H61: 885 | I61: 900 | K61: 1415 | L61: =879+66 -> 945 | N61: 1415 | O61: =+D61/C61 -> 0.62143343
A62: Vinh Long | B62: =SUM(D62:G62) -> 0 | C62: 0 | E62: =SUM(F62:J62) -> 0
A63: Tan Cang - Sa Dec | B63: 19597 | C63: 12293 | D63: =949+632+800+680+378+254+120+150 -> 3963 | E63: =SUM(F63:J63) -> 150 | H63: 80 | I63: 70 | K63: 150 | L63: =80 -> 80 | N63: 150 | O63: =+D63/C63 -> 0.32237859
A64: Tan Cang - Thốt Nốt (*) | E64: =SUM(F64:J64) -> 0
A65: VIMC- Hậu Giang | B65: =3284+527+85+247+741+628+585 -> 6097 | C65: 3896 | D65: =703+210+509+267+526+508+670+637 -> 4030 | E65: =SUM(F65:J65) -> 983 | H65: 712 | I65: 271 | K65: =240+1 -> 241 | L65: 172 | N65: 637 | O65: =+D65/C65 -> 1.0343943
A67: TỔNG CỘNG | B67: =B6+B28+B34+B47+B57 -> 18561273 | C67: =C6+C28+C34+C47+C57 -> 11919821 | D67: =D6+D28+D34+D47+D57 -> 14320076 | E67: =E6+E28+E34+E47+E57 -> 1985545 | F67: =F6+F28+F34+F47+F57 -> 818015 | G67: =G6+G28+F34+G47+G57 -> 838936 | H67: =H6+H28+G34+H47+H57 -> 291741 | I67: =I6+I28+H34+I47+I57 -> 140470 | J67: =J6+J28+I34+J47+J57 -> 195617 | K67: =K6+K28+J34+K47+K57 -> 111541 | L67: =L6+L28+K34+L47+L57 -> 274623 | M67: =M6+M28+L34+M47+M57 -> 57963 | N67: =N6+N28+M34+N47+N57 -> 75685 | O67: =+D67/C67 -> 1.2013667
A68: Tổng cộng VPA và Cảng khác | B68: =B67+B26 -> 20384487 | C68: =C67+C26 -> 13157075 | D68: =D67+D26 -> 15676985 | E68: =E67+E26 -> 2177049
M69: Ngày 12 tháng 09 năm 2024
D71: Tháng 1 | E71: Tháng 2 | F71: Tháng 3 | G71: Tháng 4 | H71: Tháng 5 | I71: Tháng 6 | J71: Tháng 7 | K71: Tháng 8 | L71: Tháng 9 | M71: Tháng 10 | N71: Tháng 11 | O71: Tháng 12 | P71: Năm 2024
B72: Sản lượng hàng tháng | D72: 1845076 | E72: 1453853.1 | F72: 1812571.5 | G72: 1892251.3 | H72: 1870176 | I72: 1911539 | J72: 1961723 | K72: 2042483 | P72: =SUM(D72:O72) -> 14789673
B73: % so với tháng trước đó | E73: =IF(D72>0,E72/D72,0)*100 -> 78.796382 | F73: =IF(E72>0,F72/E72,0)*100 -> 124.67363 | G73: =IF(F72>0,G72/F72,0)*100 -> 104.39596 | H73: =IF(G72>0,H72/G72,0)*100 -> 98.833383 | I73: =IF(H72>0,I72/H72,0)*100 -> 102.21172 | J73: =IF(H72>0,J72/H72,0)*100 -> 104.8951 | K73: =IF(J72>0,K72/J72,0)*100 -> 104.11679 | L73: =IF(K72>0,L72/K72,0)*100 -> 0 | M73: =IF(L72>0,M72/L72,0)*100 -> 0 | N73: =IF(M72>0,N72/M72,0)*100 -> 0 | O73: =IF(N72>0,O72/N72,0)*100 -> 0
A75: (*) Cảng chưa là thành viên VPA (số liệu được ước tính/tham khảo/cung cấp từ nguồn khác). Riêng số liệu năm 2022 của Gemalink có tính bx sà lan.
A76: Kể từ năm 2012, sản lượng thông qua không tính bốc xếp sà lan.
A77: Số liệu container trung chuyển, container 20', rỗng, lạnh và GN qua Sà lan không chính xác do nhiều cảng chưa thống kê đầy đủ
A78: Những ô để trống: không có số liệu (khác với trường hợp có số liệu = 0)
A79: Ban Thư ký VPA chân thành cám ơn các cảng đã cung cấp số liệu chi tiết nêu trên.
A80: Kính đề nghị các cảng xem xét và chỉnh sửa, bổ sung và báo ngay dùm cho BTK, nếu có thiếu sót.
A81: Dự kiến sẽ cung cấp thường xuyên số liệu cập nhật và chi tiết hơn cho các cảng để tham khảo, sử dụng.
B83: Container (Tấn>TEU) qua CMTV từng tháng năm 2024 có tính BX sà lan (Thông tin tham khảo thêm)
B84: Cảng | D84: Thang 1 | E84: Thang 2 | F84: Thang 3 | G84: Thang 4 | H84: Thang 5 | I84: Thang 6 | J84: Thang 7 | K84: Thang 8 | L84: Thang 9 | M84: Thang 10 | N84: Thang 11 | O84: Thang 12 | P84: Năm 2024 | Q84: Thị phần %
B85: Gemalink | D85: 250647.57 | E85: 303326.79 | F85: 278308.29 | G85: 329534.93 | H85: 264136.86 | I85: 280939.93 | J85: 288262.21 | K85: 271802.21 | P85: =SUM(D85:O85) -> 2266958.8 | Q85: =P85/$P$92 -> 0.3407797
B86: TCCT | D86: 51557.786 | E86: 38594.857 | F86: 40995.357 | G86: 33533.714 | H86: 15954.786 | I86: 52129.786 | J86: 43316.857 | K86: 16896.429 | P86: =SUM(D86:O86) -> 292979.57 | Q86: =P86/$P$92 -> 0.044042041
B87: TCIT | D87: 157521.86 | E87: 160543.86 | F87: 156602.71 | G87: 190080.79 | H87: 199613.79 | I87: 200030.57 | J87: 179224.21 | K87: 212064 | P87: =SUM(D87:O87) -> 1455681.8 | Q87: =P87/$P$92 -> 0.2188248
B88: TCTT | D88: 129327.71 | E88: 98880.786 | F88: 142655.5 | G88: 133507.36 | H88: 117586.21 | I88: 102160.14 | J88: 115071.29 | K88: 125627.07 | P88: =SUM(D88:O88) -> 964816.07 | Q88: =P88/$P$92 -> 0.1450356
B89: SSIT | D89: 81303.643 | E89: 79785.571 | F89: 99571 | G89: 105052.5 | H89: 95685.357 | I89: 101332.71 | J89: 110053 | K89: 157274.64 | P89: =SUM(D89:O89) -> 830058.43 | Q89: =P89/$P$92 -> 0.12477821
B90: CMIT | D90: 79967.429 | E90: 73659.643 | F90: 87559.357 | G90: 116176.93 | H90: 97186.071 | I90: 107421.21 | J90: 106410.43 | K90: 100767.21 | P90: =SUM(D90:O90) -> 769148.29 | Q90: =P90/$P$92 -> 0.11562192
B91: LONG SON | D91: 2349.7857 | E91: 4728.1429 | F91: 9206.7857 | G91: 12338.643 | H91: 9361.4286 | I91: 10276.429 | J91: 11068.929 | K91: 13297.5 | P91: =SUM(D91:O91) -> 72627.643 | Q91: =P91/$P$92 -> 0.010917722
D92: =SUM(D85:D91) -> 752675.79 | E92: =SUM(E85:E91) -> 759519.64 | F92: =SUM(F85:F91) -> 814899 | G92: =SUM(G85:G91) -> 920224.86 | H92: =SUM(H85:H91) -> 799524.5 | I92: =SUM(I85:I91) -> 854290.79 | J92: =SUM(J85:J91) -> 853406.93 | K92: =SUM(K85:K91) -> 897729.07 | ... P92: =SUM(P85:P91) -> 6652270.6 | Q92: =P92/$P$92 -> 1

Sheet T9-2024
A1: VPA - SẢN LƯỢNG CONTAINER (TEU) - THÁNG 9 NĂM 2024 / 2023
A3: KHU VỰC / Cảng | B3: Năm 2023 | C3: 9T2023 | D3: 9T 2024 | E3: THÁNG 9-2024 | O3: 9T (2024 / 2023)
E4: CỘNG | F4: Nhập Ngoại | G4: Xuất Ngoại | H4: Nhập nội | I4: Xuất nội | J4: Trung chuyển | K4: 20' | L4: Rỗng | M4: Lạnh | N4: GN qua sà lan
A6: MIỀN BẮC | B6: =SUM(B8:B18) -> 4518182 | C6: 3258770 | D6: =SUM(D8:D18) -> 3908376 | E6: =SUM(E8:E18) -> 417768 | F6: =SUM(F8:F18) -> 193522 | G6: =SUM(G8:G18) -> 174489 | H6: =SUM(H8:H18) -> 24649 | I6: =SUM(I8:I18) -> 25108 | J6: =SUM(J8:J18) -> 0 | K6: =SUM(K8:K18) -> 54913 | ... N6: =SUM(N8:N18) -> 226 | O6: =+D6/C6 -> 1.1993409
A7: Quang Ninh | E7: =SUM(F7:J7) -> 0
A8: Cái Lân (CICT) | E8: =SUM(F8:J8) -> 0
A9: Hai Phong (Chùa Vẽ+Tân Vũ) | B9: =715133+126685+111732+106510+95851+111311 -> 1267222 | C9: 953550 | D9: =108077+85467+113186+113042+116756+109995+110509+101300+92745 -> 951077 | E9: =SUM(F9:J9) -> 92745 | F9: 35720 | G9: 36563 | H9: 10098 | I9: 10364 | O9: =+D9/C9 -> 0.99740653
A10: HICT (Lạch Huyện, HP) | B10: 1272859 | C10: 859650 | D10: =148719+103732+138638+114388+149772+144287+154524+162231+134683 -> 1250974 | E10: =SUM(F10:J10) -> 134683 | F10: 71434 | G10: 63249 | K10: =7154+6817 -> 13971 | L10: =2320+686 -> 3006 | O10: =+D10/C10 -> 1.4552132
A11: Đoạn Xá | E11: =SUM(F11:J11) -> 0
A12: Đình vũ | B12: 491959 | C12: 369522 | D12: =39231+38035+45839+55212+55252+51874+53719+51193+43893 -> 434248 | E12: =SUM(F12:J12) -> 43893 | F12: 19833 | G12: 21595 | H12: 912 | I12: 1553 | K12: =5462+3499+203+344 -> 9508 | L12: =17+2712+77+65 -> 2871 | O12: =+D12/C12 -> 1.1751614
A13: Nam Hải Đình Vũ | B13: 149160 | C13: 149160 | D13: 0 | O13: =+D13/C13 -> 0
A14: Nam Đình Vũ | B14: =27700+42263+60649+60306+68982+89333+103549+96251+80177+83538+83985+100491 -> 897224 | C14: 629210 | D14: =107401+71667+97692+112321+100543+91682+100061+119410+112186 -> 912963 | E14: =SUM(F14:J14) -> 112186 | F14: 63165 | G14: 49021 | K14: =12573+9381 -> 21954 | L14: =2176+4320 -> 6496 | M14: 6429 | N14: 226 | O14: =+D14/C14 -> 1.4509671
A15: Tân Cảng 128 Hải Phòng | B15: =6147+7479+7850+9613+8350+10297+8331+8950+9929+9191+7491+7125 -> 100753 | C15: 76946 | D15: =5818+3471+4879+3146+1868+3203+3535+2520+3649 -> 32089 | E15: =SUM(F15:J15) -> 3649 | H15: 2309 | I15: 1340 | K15: =402+194 -> 596 | L15: =79+98 -> 177 | O15: =+D15/C15 -> 0.41703272
A16: Transvina | B16: =540+350 -> 890 | C16: 540 | D16: =528 -> 528 | E16: 0 | O16: =+D16/C16 -> 0.97777778
A17: PTSC Đình Vũ | B17: =14801+21013+19343+20052+25339+15490+23521+25450+24091+25115+25902+30182 -> 270299 | C17: 189100 | D17: =29509+14652+23209+24242+23009+26529+25218+28150+30612 -> 225130 | E17: =SUM(F17:J17) -> 30612 | F17: 3370 | G17: 4061 | H17: 11330 | I17: 11851 | K17: 8884 | L17: =3+739+406+1181 -> 2329 | O17: =+D17/C17 -> 1.1905341
A18: VIMC Đình Vũ / | B18: 67816 | C18: 31092 | D18: =63204+12868+13056+12239 -> 101367 | O18: =+D18/C18 -> 3.2602277
A19: Vip Green Port (*) | B19: 633659 | C19: 470059 | D19: 450966 | E19: 60953
A20: Green Port (*) | B20: 255481 | C20: 189056 | D20: 185932 | E20: 33731
A21: Mipec (*) | B21: 92242 | C21: 81690 | D21: 68446 | E21: 13462
A22: Hải An (*) | B22: 400078 | C22: 292113 | D22: 300953 | E22: 33325
A23: TC 189 Hải Phòng (*) | B23: 171077 | C23: 122036 | D23: 123245 | E23: 14229
A24: Nam Hải Dình Vũ (*) | B24: 270677 | C24: 222249 | D24: 137928 | E24: 18552
A25: Nam Hải | D25: 89439 | E25: 17252
B26: =SUM(B19:B25) -> 1823214 | C26: 1237254 | D26: =SUM(D19:D25) -> 1356909 | E26: =SUM(E19:E25) -> 191504
A28: MIỀN TRUNG | B28: =SUM(B29:B32) -> 860026 | C28: 625162 | D28: =SUM(D29:D32)+2991 -> 720814 | E28: =SUM(E29:E32) -> 74803 | F28: =SUM(F29:F32) -> 28481 | G28: =SUM(G29:G32) -> 29106 | H28: =SUM(H29:H32) -> 9042 | I28: =SUM(I29:I32) -> 8174 | J28: =SUM(J29:J32) -> 0 | K28: =SUM(K29:K32) -> 12067 | L28: =SUM(L29:L32) -> 1961 | ... N28: =SUM(N29:N32) -> 0 | O28: =+D28/C28 -> 1.1530035
A29: Nghe Tinh | B29: =30481+3346 -> 33827 | C29: 24883 | D29: =4188+2189+2953+3363+3389+2628+3750+3460+2991 -> 28911 | E29: =SUM(F29:J29) -> 2991 | H29: 1452 | I29: 1539 | K29: =362+704 -> 1066 | L29: =216+1 -> 217 | O29: =+D29/C29 -> 1.1618776
A30: Da Nang | B30: 675254 | C30: 492070 | D30: =64505+48073+62185+62452+59765+64280+67096+71165+61780 -> 561301 | E30: =SUM(F30:J30) -> 61780 | F30: 24952 | G30: 24186 | H30: 6209 | I30: 6433 | K30: =4957+3507+1413+839 -> 10716 | L30: =199+785+26+734 -> 1744 | O30: =+D30/C30 -> 1.1406934
A31: Quy Nhon | B31: =120488+12239+18218 -> 150945 | C31: 108209 | D31: =22490+11900+19473+16591+12914+13370+11563+9278+10032 -> 127611 | E31: =SUM(F31:J31) -> 10032 | F31: 3529 | G31: 4920 | H31: 1381 | I31: 202 | K31: =285 -> 285 | O31: =+D31/C31 -> 1.1793012
A32: Cam Ranh | B32: 0
A34: TP HCM | B34: =SUM(B35:B45) -> 8314054 | C34: 6114125 | D34: =SUM(D35:D45) -> 6754085 | E34: =SUM(E35:E45) -> 752579 | F34: =SUM(F35:F45) -> 291754 | G34: =SUM(G35:G45) -> 241447 | H34: =SUM(H35:H45) -> 89457 | I34: =SUM(I35:I45) -> 126599 | J34: =SUM(J35:J45) -> 3322 | K34: =SUM(K35:K45) -> 163051 | ... N34: =SUM(N35:N45) -> 101903 | O34: =+D34/C34 -> 1.1046691
A35: Binh Duong | B35: =439746+58130+61049 -> 558925 | C35: 392819 | D35: =176793+71526+59980+65204+71423+79211+71917 -> 596054 | E35: =SUM(F35:J35) -> 71917 | H35: 19249 | I35: 52668 | K35: 1857 | L35: =14994+4 -> 14998 | O35: =+D35/C35 -> 1.5173757
A36: Đồng Nai | B36: =506252+63971 -> 570223 | C36: 397072 | D36: =315296+56739+61665+55007 -> 488707 | E36: =SUM(H36:J36) -> 55007 | H36: 9106 | I36: 45901 | K36: =71+963 -> 1034 | L36: =287 -> 287 | N36: 55007 | O36: =+D36/C36 -> 1.2307768
A37: ITC- CORP | B37: =42017+51282+45948+47390+55304+49234+45680+47437+43911+34616+30188+41910 -> 534917 | C37: 428203 | D37: =43919+38655+49389+49920+41452+46211+54147+61115+45816 -> 430624 | E37: =SUM(F37:J37) -> 45816 | F37: 16658 | G37: 17508 | H37: 4270 | I37: 4058 | J37: 3322 | K37: 12162 | L37: =3597+547+519+554+2863 -> 8080 | N37: 45816 | O37: =+D37/C37 -> 1.0056539
A38: Cảng Sai Gòn | B38: =154869+18461+17185+18184+22072 -> 230771 | C38: 173330 | D38: =20214+11681+23581+25619+22301+21824+20127+19528+19926 -> 184801 | E38: =SUM(F38:J38) -> 19926 | H38: 9759 | I38: 10167 | K38: =2335+2777 -> 5112 | L38: =508+298 -> 806 | M38: 176 | O38: =+D38/C38 -> 1.0661801
A39: Ben Nghe | B39: =50925+32855+32535+28886+28236+30552+33558+32390+29858+33841+31383 -> 365019 | C39: 269937 | D39: =36191+20920+29070+23929+27875+30427+28473+27605+28149 -> 252639 | E39: =SUM(H39:J39) -> 28149 | H39: 14344 | I39: 13805 | K39: =4463+4345 -> 8808 | L39: =201+298 -> 499 | M39: 356 | N39: 40 | O39: =+D39/C39 -> 0.93591838
A40: Tan Cang - Hiệp Phước | B40: =5696+3958+5815+9110+7468+13154+12856+16704+16494+13524+11707+13991 -> 130477 | C40: 91255 | D40: =12008+9467+14763+14113+14691+14606+10209+8082+10081 -> 108020 | E40: =SUM(F40:J40) -> 10081 | F40: 2325 | G40: 7756 | K40: =913+1358 -> 2271 | L40: =0+1506 -> 1506 | O40: =+D40/C40 -> 1.183716
A41: Tan Cang - Cat Lai | B41: =372397+393542+480876+438506+433683+444706+469051+460647+432596+460939+470477+474708 -> 5332128 | C41: 3926004 | D41: =492323+373517+489518+501319+498148+483300+509517+496996+483525 -> 4328163 | E41: =SUM(F41:J41) -> 483525 | F41: 268171 | G41: 215354 | K41: =71612+59827 -> 131439 | L41: =5211+13353 -> 18564 | O41: =+D41/C41 -> 1.1024347
A42: VICT | B42: =32440+39588+48102+43548+41412+40968+51704+51435+55440+57617+45700+41689 -> 549643 | C42: 404637 | D42: =41444+27037+39698+37856+42480+38521+41958+41846+36877 -> 347717 | E42: =SUM(F42:J42) -> 36877 | F42: 4148 | H42: 32729 | O42: =+D42/C42 -> 0.85933071
A43: SPCT | B43: =SUM(D43:G43) -> 0 | C43: 0
A44: Lotus | B44: =2388+2166+2181+2143+2735+2159+2232+3124+2401+2891+2264+3229 -> 29913 | C44: 21529 | D44: =1591+185+300+228+282+250+254+222+245 -> 3557 | E44: =SUM(F44:J44) -> 245 | F44: 121 | G44: 124 | K44: 245 | L44: =121 -> 121 | N44: 4 | O44: =+D44/C44 -> 0.16521901
A45: Phuoc Long ICD | B45: 12038 | C45: 9339 | D45: =5554+2707+1759+1797+950+1036 -> 13803 | E45: =SUM(F45:F45:J45) -> 1036 | F45: 331 | G45: 705 | K45: =28+95 -> 123 | L45: =13+2 -> 15 | N45: 1036 | O45: =+D45/C45 -> 1.4779955
A47: BR-VT | B47: =SUM(B48:B55) -> 4797590 | C47: 3899814 | D47: =SUM(D48:D55) -> 4693085 | E47: =SUM(E48:E54) -> 543042 | F47: =SUM(F48:F55) -> 236569 | G47: =SUM(G48:G55) -> 267519 | H47: =SUM(H48:H55) -> 4286 | I47: =SUM(I48:I55) -> 2116 | J47: =SUM(J48:J55) -> 32552 | K47: =SUM(K48:K55) -> 36996 | L47: =SUM(L48:L55) -> 52404 | M47: =SUM(M48:M55) -> 1154 | N47: =SUM(N48:N55) -> 57576 | O47: =+D47/C47 -> 1.2034125
A48: SP-PSA | B48: 0 | E48: =SUM(F48:J48) -> 0
A49: Tân Cảng - TCIT | B49: =127394+89400+147995+127434+174236+176428+189135+187087+174544+192913+163797+135579 -> 1885942 | C49: 1393653 | D49: =152617+131920+130997+153389+149066+196349+174625+189556+159615 -> 1438134 | E49: =SUM(F49:J49) -> 159615 | F49: 67016 | G49: 77912 | H49: 4286 | I49: 2116 | J49: 8285 | K49: =2765+6039+887+173+191 -> 10055 | L49: =3469+3+57+223+128 -> 3880 | O49: =+D49/C49 -> 1.0319168
A51: Tân Cảng - TCTT (TCOT cũ) | B51: =47356+52560+79724+85499+66734+68133+73487+69407+60723+61109+72181+84025 -> 820938 | C51: 603623 | D51: =97537+55586+99611+80866+84077+87464+89817+110297+103108 -> 808363 | E51: =SUM(F51:J51) -> 103108 | F51: 44717 | G51: 50110 | J51: 8281 | K51: =1692+3556+802 -> 6050 | L51: =1027+88+93 -> 1208 | O51: =+D51/C51 -> 1.3391852
A52: CMIT | B52: =38855+42860+48337+46082+47751+44611+75076+55809+60576+63502+55882+64932 -> 644273 | C52: 459957 | D52: =59734+65037+69566+76869+85180+98871+84349+95878+74900 -> 710384 | E52: =SUM(F52:J52) -> 74900 | F52: 26516 | G52: 34871 | J52: 13513 | K52: 11152 | L52: =20102+876+687 -> 21665 | O52: =+D52/C52 -> 1.5444574
A53: SSIT | B53: =38927+25455+65397+44769+34250+34453+44944+60275+38990+46527+28707+33843 -> 496537 | C53: 387460 | D53: =47624+41548+39771+61527+61540+40461+59109+75205+60419 -> 487204 | E53: =SUM(F53:J53) -> 60419 | F53: 31638 | G53: 26308 | J53: 2473 | K53: 9739 | L53: =24674+1+976 -> 25651 | M53: 1154 | N53: 57576 | O53: =+D53/C53 -> 1.2574304
A54: GEMALINK (*) | B54: 949900 | C54: 606900 | D54: 1249000 | E54: =SUM(F54:G54) -> 145000 | F54: 66682 | G54: 78318 | O54: =+D54/C54 -> 2.0579997
A55: SITV
A57: ĐỒNG BẰNG SCL | B57: =SUM(B58:B65) -> 71421 | C57: 54283 | D57: =SUM(D58:D65) -> 40149 | E57: =SUM(E58:E65) -> 5250 | H57: =SUM(H58:H65) -> 2477 | I57: =SUM(I58:I65) -> 2773 | K57: =SUM(K58:K65) -> 2180 | L57: =SUM(L58:L65) -> 1563 | M57: =SUM(M58:M65) -> 0 | N57: =SUM(N58:N65) -> 4263 | O57: =+D57/C57 -> 0.73962382
A58: Can Tho/ Cái Cui | B58: =122+557+792+366+499+468+393+769+628+559+497+230 -> 5880 | C58: 4594 | D58: =335+74+675+1816+624+522+232+273+655 -> 5206 | E58: =SUM(F58:J58) -> 655 | H58: 279 | I58: 376 | K58: =15 -> 15 | L58: 3 | O58: =+D58/C58 -> 1.1332172
A59: Tân Cảng Cái Cui | E59: =SUM(F59:J59) -> 0
A60: Tra Noc CT | B60: =774+884+1093+1806+989+1127+1587+1317+1182+1138+1729+1456 -> 15082 | C60: 10759 | D60: =1670+1062+1129+1350+1391+1439+1192+1252+1332 -> 11817 | E60: =SUM(F60:J60) -> 1332 | H60: 683 | I60: 649 | K60: =288+292 -> 580 | L60: =319+265 -> 584 | N60: 1332 | O60: =+D60/C60 -> 1.0983363
A61: An Giang | B61: =19101+1605+2057+920+1082 -> 24765 | C61: 20706 | D61: =1089+517+1381+2546+1336+1503+1713+1785+1646 -> 13516 | E61: =SUM(F61:J61) -> 1646 | H61: 738 | I61: 908 | K61: 1314 | L61: =738 -> 738 | N61: 1314 | O61: =+D61/C61 -> 0.65275765
A62: Vinh Long | B62: =SUM(D62:G62) -> 0 | C62: 0 | E62: =SUM(F62:J62) -> 0
A63: Tan Cang - Sa Dec | B63: 19597 | C63: 14081 | D63: =949+632+800+680+378+254+120+150+155 -> 4118 | E63: =SUM(F63:J63) -> 155 | H63: 65 | I63: 90 | K63: =90 -> 90 | L63: =65 -> 65 | N63: 155 | O63: =+D63/C63 -> 0.29245082
A64: Tan Cang - Thốt Nốt (*) | E64: =SUM(F64:J64) -> 0
A65: VIMC- Hậu Giang | B65: =3284+527+85+247+741+628+585 -> 6097 | C65: 4143 | D65: =703+210+509+267+526+508+670+637+1462 -> 5492 | E65: =SUM(F65:J65) -> 1462 | H65: 712 | I65: 750 | K65: =176+5 -> 181 | L65: =173 -> 173 | N65: 1462 | O65: =+D65/C65 -> 1.3256095
A67: TỔNG CỘNG | B67: =B6+B28+B34+B47+B57 -> 18561273 | C67: =C6+C28+C34+C47+C57 -> 13952154 | D67: =D6+D28+D34+D47+D57 -> 16116509 | E67: =E6+E28+E34+E47+E57 -> 1793442 | F67: =F6+F28+F34+F47+F57 -> 750326 | G67: =G6+G28+F34+G47+G57 -> 762868 | H67: =H6+H28+G34+H47+H57 -> 281901 | I67: =I6+I28+H34+I47+I57 -> 127628 | J67: =J6+J28+I34+J47+J57 -> 159151 | K67: =K6+K28+J34+K47+K57 -> 109478 | L67: =L6+L28+K34+L47+L57 -> 233858 | M67: =M6+M28+L34+M47+M57 -> 52459 | N67: =N6+N28+M34+N47+N57 -> 62597 | O67: =+D67/C67 -> 1.1551269
A68: Tổng cộng VPA và Cảng khác | B68: =B67+B26 -> 20384487 | C68: =C67+C26 -> 15189408 | D68: =D67+D26 -> 17473418 | E68: =E67+E26 -> 1984946
M69: Ngày 14 tháng 10 năm 2024
D71: Tháng 1 | E71: Tháng 2 | F71: Tháng 3 | G71: Tháng 4 | H71: Tháng 5 | I71: Tháng 6 | J71: Tháng 7 | K71: Tháng 8 | L71: Tháng 9 | M71: Tháng 10 | N71: Tháng 11 | O71: Tháng 12 | P71: Năm 2024
B72: Sản lượng hàng tháng | D72: 1845076 | E72: 1453853.1 | F72: 1812571.5 | G72: 1892251.3 | H72: 1870176 | I72: 1911539 | J72: 1961723 | K72: 2029897.8 | L72: 1839034.8 | P72: =SUM(D72:O72) -> 16616123
B73: % so với tháng trước đó | E73: =IF(D72>0,E72/D72,0)*100 -> 78.796382 | F73: =IF(E72>0,F72/E72,0)*100 -> 124.67363 | G73: =IF(F72>0,G72/F72,0)*100 -> 104.39596 | H73: =IF(G72>0,H72/G72,0)*100 -> 98.833383 | I73: =IF(H72>0,I72/H72,0)*100 -> 102.21172 | J73: =IF(H72>0,J72/H72,0)*100 -> 104.8951 | K73: =IF(J72>0,K72/J72,0)*100 -> 103.47525 | L73: =IF(K72>0,L72/K72,0)*100 -> 90.597406 | M73: =IF(L72>0,M72/L72,0)*100 -> 0 | N73: =IF(M72>0,N72/M72,0)*100 -> 0 | O73: =IF(N72>0,O72/N72,0)*100 -> 0
A75: (*) Cảng chưa là thành viên VPA (số liệu được ước tính/tham khảo/cung cấp từ nguồn khác). Riêng số liệu năm 2022 của Gemalink có tính bx sà lan.
A76: Kể từ năm 2012, sản lượng thông qua không tính bốc xếp sà lan.
A77: Số liệu container trung chuyển, container 20', rỗng, lạnh và GN qua Sà lan không chính xác do nhiều cảng chưa thống kê đầy đủ
A78: Những ô để trống: không có số liệu (khác với trường hợp có số liệu = 0)
A79: Ban Thư ký VPA chân thành cám ơn các cảng đã cung cấp số liệu chi tiết nêu trên.
A80: Kính đề nghị các cảng xem xét và chỉnh sửa, bổ sung và báo ngay dùm cho BTK, nếu có thiếu sót.
A81: Dự kiến sẽ cung cấp thường xuyên số liệu cập nhật và chi tiết hơn cho các cảng để tham khảo, sử dụng.
B83: Container (Tấn>TEU) qua CMTV từng tháng năm 2024 có tính BX sà lan (Thông tin tham khảo thêm)
B84: Cảng | D84: Thang 1 | E84: Thang 2 | F84: Thang 3 | G84: Thang 4 | H84: Thang 5 | I84: Thang 6 | J84: Thang 7 | K84: Thang 8 | L84: Thang 9 | M84: Thang 10 | N84: Thang 11 | O84: Thang 12 | P84: Năm 2024 | Q84: Thị phần %
B85: Gemalink | D85: 250647.57 | E85: 303326.79 | F85: 278308.29 | G85: 329534.93 | H85: 264136.86 | I85: 280939.93 | J85: 288262.21 | K85: 271802.21 | L85: 268024.71 | P85: =SUM(D85:O85) -> 2534983.5 | Q85: =P85/$P$92 -> 0.33848763
B86: TCCT | D86: 51557.786 | E86: 38594.857 | F86: 40995.357 | G86: 33533.714 | H86: 15954.786 | I86: 52129.786 | J86: 43316.857 | K86: 16896.429 | L86: 11983.357 | P86: =SUM(D86:O86) -> 304962.93 | Q86: =P86/$P$92 -> 0.040720652
B87: TCIT | D87: 157521.86 | E87: 160543.86 | F87: 156602.71 | G87: 190080.79 | H87: 199613.79 | I87: 200030.57 | J87: 179224.21 | K87: 212064 | L87: 216576.86 | P87: =SUM(D87:O87) -> 1672258.6 | Q87: =P87/$P$92 -> 0.22329095
B88: TCTT | D88: 129327.71 | E88: 98880.786 | F88: 142655.5 | G88: 133507.36 | H88: 117586.21 | I88: 102160.14 | J88: 115071.29 | K88: 125627.07 | L88: 117220.21 | P88: =SUM(D88:O88) -> 1082036.3 | Q88: =P88/$P$92 -> 0.14448059
B89: SSIT | D89: 81303.643 | E89: 79785.571 | F89: 99571 | G89: 105052.5 | H89: 95685.357 | I89: 101332.71 | J89: 110053 | K89: 157274.64 | L89: 107111.64 | P89: =SUM(D89:O89) -> 937170.07 | Q89: =P89/$P$92 -> 0.1251371
B90: CMIT | D90: 79967.429 | E90: 73659.643 | F90: 87559.357 | G90: 116176.93 | H90: 97186.071 | I90: 107421.21 | J90: 106410.43 | K90: 100767.21 | L90: 106862.07 | P90: =SUM(D90:O90) -> 876010.36 | Q90: =P90/$P$92 -> 0.11697065
B91: LONG SON | D91: 2349.7857 | E91: 4728.1429 | F91: 9206.7857 | G91: 12338.643 | H91: 9361.4286 | I91: 10276.429 | J91: 11068.929 | K91: 13297.5 | L91: 9097.1429 | P91: =SUM(D91:O91) -> 81724.786 | Q91: =P91/$P$92 -> 0.01091243
D92: =SUM(D85:D91) -> 752675.79 | E92: =SUM(E85:E91) -> 759519.64 | F92: =SUM(F85:F91) -> 814899 | G92: =SUM(G85:G91) -> 920224.86 | H92: =SUM(H85:H91) -> 799524.5 | I92: =SUM(I85:I91) -> 854290.79 | J92: =SUM(J85:J91) -> 853406.93 | K92: =SUM(K85:K91) -> 897729.07 | ... P92: =SUM(P85:P91) -> 7489146.6 | Q92: =P92/$P$92 -> 1

Sheet T10-2024
A1: VPA - SẢN LƯỢNG CONTAINER (TEU) - THÁNG 10 NĂM 2024 / 2023
A3: KHU VỰC / Cảng | B3: Năm 2023 | C3: 10T2023 | D3: 10T 2024 | E3: THÁNG 10-2024 | O3: 10T (2024 / 2023)
E4: CỘNG | F4: Nhập Ngoại | G4: Xuất Ngoại | H4: Nhập nội | I4: Xuất nội | J4: Trung chuyển | K4: 20' | L4: Rỗng | M4: Lạnh | N4: GN qua sà lan
G5: S
A6: MIỀN BẮC | B6: =SUM(B8:B18) -> 4518182 | C6: =SUM(C7:C18) -> 3681739 | D6: =SUM(D8:D18) -> 4366959 | E6: =SUM(E8:E18) -> 458583 | F6: =SUM(F8:F18) -> 192776 | G6: =SUM(G8:G18) -> 183566 | H6: =SUM(H8:H18) -> 27446 | I6: =SUM(I8:I18) -> 28765 | J6: =SUM(J8:J18) -> 0 | K6: =SUM(K8:K18) -> 54128 | ... N6: =SUM(N8:N18) -> 2256 | O6: =+D6/C6 -> 1.1861131
A7: Quang Ninh | E7: =SUM(F7:J7) -> 0
A8: Cái Lân (CICT) | E8: =SUM(F8:J8) -> 0
A9: Hai Phong (Chùa Vẽ+Tân Vũ) | B9: =715133+126685+111732+106510+95851+111311 -> 1267222 | C9: =715133+126685+111732+106510 -> 1060060 | D9: =108077+85467+113186+113042+116756+109995+110509+101300+92745+107226 -> 1058303 | E9: =SUM(F9:J9) -> 107226 | F9: 37949 | G9: 41682 | H9: 13913 | I9: 13682 | O9: =+D9/C9 -> 0.99834255
A10: HICT (Lạch Huyện, HP) | B10: 1272859 | C10: =859650+144198 -> 1003848 | D10: =148719+103732+138638+114388+149772+144287+154524+162231+134683+114242 -> 1365216 | E10: =SUM(F10:J10) -> 114242 | F10: 62518 | G10: 51724 | K10: =5895+5699 -> 11594 | L10: =2336+1027 -> 3363 | O10: =+D10/C10 -> 1.3599828
A11: Đoạn Xá | E11: =SUM(F11:J11) -> 0
A12: Đình vũ | B12: 491959 | C12: 410774 | D12: =39231+38035+45839+55212+55252+51874+53719+51193+43893+46338 -> 480586 | E12: =SUM(F12:J12) -> 46338 | F12: 22483 | G12: 23182 | H12: 262 | I12: 411 | K12: =5531+3225+2+73 -> 8831 | L12: =62+2631+20+28 -> 2741 | O12: =+D12/C12 -> 1.1699523
A13: Nam Hải Đình Vũ | B13: 149160 | C13: 149160 | D13: 0 | O13: =+D13/C13 -> 0
A14: Nam Đình Vũ | B14: =27700+42263+60649+60306+68982+89333+103549+96251+80177+83538+83985+100491 -> 897224 | C14: =27700+42263+60649+60306+68982+89333+103549+96251+80177+83538 -> 712748 | D14: =107401+71667+97692+112321+100543+91682+100061+119410+112186+136804 -> 1049767 | E14: =SUM(F14:J14) -> 136804 | F14: 69826 | G14: 66978 | H14: 0 | I14: 0 | J14: 0 | K14: =14515+11927 -> 26442 | L14: =3365+4117 -> 7482 | N14: 2256 | O14: =+D14/C14 -> 1.4728445
A15: Tân Cảng 128 Hải Phòng | B15: =6147+7479+7850+9613+8350+10297+8331+8950+9929+9191+7491+7125 -> 100753 | C15: =6147+7479+7850+9613+8350+10297+8331+8950+9929+9191 -> 86137 | D15: =5818+3471+4879+3146+1868+3203+3535+2520+3649+3073 -> 35162 | E15: =SUM(F15:J15) -> 3073 | H15: 1682 | I15: 1391 | K15: =373+218 -> 591 | L15: =15+399 -> 414 | O15: =+D15/C15 -> 0.40821018
A16: Transvina | B16: =540+350 -> 890 | C16: 540 | D16: =528 -> 528 | E16: 0 | O16: =+D16/C16 -> 0.97777778
A17: PTSC Đình Vũ | B17: =14801+21013+19343+20052+25339+15490+23521+25450+24091+25115+25902+30182 -> 270299 | C17: =14801+21013+19343+20052+25339+15490+23521+25450+24091+25115 -> 214215 | D17: =29509+14652+23209+24242+23009+26529+25218+28150+30612+24870 -> 250000 | E17: =SUM(F17:J17) -> 24870 | H17: 11589 | I17: 13281 | K17: 6670 | L17: =887+1474 -> 2361 | O17: =+D17/C17 -> 1.1670518
A18: VIMC Đình Vũ | B18: 67816 | C18: =31092+13165 -> 44257 | D18: 127397 | E18: 26030 | O18: =+D18/C18 -> 2.8785729
A19: Vip Green Port (*) | B19: 633659 | C19: 470059 | D19: 534688 | E19: 43840
A20: Green Port (*) | B20: 255481 | C20: 189056 | D20: 228437 | E20: 24351
A21: Mipec (*) | B21: 92242 | C21: 81690 | D21: 76626 | E21: 4949
A22: Hải An (*) | B22: 400078 | C22: 292113 | D22: 383761 | E22: 45313
A23: TC 189 Hải Phòng (*) | B23: 171077 | C23: 122036 | D23: 159887 | E23: 19471
A24: Nam Hải Dình Vũ (*) | B24: 270677 | C24: 222249 | D24: 199276 | E24: 34944
A25: Nam Hải | D25: 133390 | E25: 18161
B26: =SUM(B19:B25) -> 1823214 | C26: 1237254 | D26: =SUM(D19:D25) -> 1716065 | E26: =SUM(E19:E25) -> 191029
A28: MIỀN TRUNG | B28: =SUM(B29:B32) -> 860026 | C28: =SUM(C29:C32) -> 703072 | D28: =SUM(D29:D32) -> 798605 | E28: =SUM(E29:E32) -> 80774 | F28: =SUM(F29:F32) -> 29002 | G28: =SUM(G29:G32) -> 33783 | H28: =SUM(H29:H32) -> 10388 | I28: =SUM(I29:I32) -> 7601 | ... N28: =SUM(N29:N32) -> 0 | O28: =+D28/C28 -> 1.1358794
A29: Nghe Tinh | B29: =30481+3346 -> 33827 | C29: 27863 | D29: =31848 -> 31848 | E29: =SUM(F29:J29) -> 2929 | H29: 1573 | I29: 1356 | K29: =497+582 -> 1079 | L29: =244 -> 244 | O29: =+D29/C29 -> 1.1430212
A30: Da Nang | B30: 675254 | C30: 554721 | D30: =64505+48073+62185+62452+59765+64280+67096+71165+61780+66528 -> 627829 | E30: =SUM(F30:J30) -> 66528 | F30: 26097 | G30: 27414 | H30: 7107 | I30: 5910 | K30: =4236+4282+1464+881 -> 10863 | L30: =433+1628+89+721 -> 2871 | O30: =+D30/C30 -> 1.1317924
A31: Quy Nhon | B31: =120488+12239+18218 -> 150945 | C31: =89493+9857+8859+12279 -> 120488 | D31: =22490+11900+19473+16591+12914+13370+11563+9278+10032+11317 -> 138928 | E31: =SUM(F31:J31) -> 11317 | F31: 2905 | G31: 6369 | H31: 1708 | I31: 335 | K31: =263+686+41+41 -> 1031 | L31: =364+1+71+12 -> 448 | O31: =+D31/C31 -> 1.1530443
A32: Cam Ranh | B32: 0 | C32: 0
A34: TP HCM | B34: =SUM(B35:B45) -> 8314054 | C34: =SUM(C35:C45) -> 6830818 | D34: =SUM(D35:D45) -> 7545778 | E34: =SUM(E35:E45) -> 791692 | N34: =SUM(N35:N45) -> 112917 | O34: =+D34/C34 -> 1.1046668
A35: Binh Duong | B35: =439746+58130+61049 -> 558925 | C35: =439746 -> 439746 | D35: =176793+71526+59980+65204+71423+79211+71917+76068 -> 672122 | E35: =SUM(F35:J35) -> 76068 | H35: 20498 | I35: 55570 | K35: 1506 | L35: =236+1254 -> 1490 | N35: 0 | O35: =+D35/C35 -> 1.5284323
A36: Đồng Nai | B36: =506252+63971 -> 570223 | C36: =32272+30238+40100+48726+47472+48604+50171+52644+46845+52109 -> 449181 | D36: =315296+56739+61665+55007+62647 -> 551354 | E36: =SUM(F36:I36) -> 62647 | H36: 9771 | I36: 52876 | K36: =33+1300 -> 1333 | L36: =62+0 -> 62 | N36: 62647 | O36: =+D36/C36 -> 1.2274651
A37: ITC- CORP | B37: =42017+51282+45948+47390+55304+49234+45680+47437+43911+34616+30188+41910 -> 534917 | C37: =42017+51282+45948+47390+55304+49234+45680+47437+43911+34616 -> 462819 | D37: =43919+38655+49389+49920+41452+46211+54147+61115+45816+53986 -> 484610 | E37: =SUM(F37:J37) -> 53985 | F37: 20022 | G37: 22012 | H37: 5428 | I37: 5161 | J37: 1362 | K37: =3203+6821+1229+1077+41 -> 12371 | L37: =269+25+181+100+389 -> 964 | N37: 48624 | O37: =+D37/C37 -> 1.0470832
A38: Cảng Sai Gòn | B38: =154869+18461+17185+18184+22072 -> 230771 | C38: =154869+18461+17185 -> 190515 | D38: =20214+11681+23581+25619+22301+21824+20127+19528+19926+20275 -> 205076 | E38: =SUM(F38:J38) -> 20275 | H38: 9912 | I38: 10363 | K38: =1366+1966 -> 3332 | L38: =840+411 -> 1251 | M38: 120 | N38: 0 | O38: =+D38/C38 -> 1.0764297
A39: Ben Nghe | B39: =50925+32855+32535+28886+28236+30552+33558+32390+29858+33841+31383 -> 365019 | C39: =50925+32855+32535+28886+28236+30552+33558+32390+29858 -> 299795 | D39: =36191+20920+29070+23929+27875+30427+28473+27605+28149+32945 -> 285584 | E39: =SUM(H39:J39) -> 32945 | H39: 16241 | I39: 16704 | K39: =4927+5036 -> 9963 | L39: =74+230 -> 304 | N39: 54 | O39: =+D39/C39 -> 0.95259761
A40: Tan Cang - Hiệp Phước | B40: =5696+3958+5815+9110+7468+13154+12856+16704+16494+13524+11707+13991 -> 130477 | C40: =5696+3958+5815+9110+7468+13154+12856+16704+16494+13524 -> 104779 | D40: =12008+9467+14763+14113+14691+14606+10209+8082+10081+11470 -> 119490 | E40: =SUM(F40:J40) -> 11470 | F40: 2716 | G40: 8484 | J40: 270 | O40: =+D40/C40 -> 1.1404003
A41: Tan Cang - Cat Lai | B41: =372397+393542+480876+438506+433683+444706+469051+460647+432596+460939+470477+474708 -> 5332128 | C41: =372397+393542+480876+438506+433683+444706+469051+460647+432596+460939 -> 4386943 | D41: =492323+373517+489518+501319+498148+483300+509517+496996+483525+491240 -> 4819403 | E41: =SUM(F41:J41) -> 491240 | F41: 268802 | G41: 222438 | K41: =72981+61821 -> 134802 | L41: =3719+11371 -> 15090 | O41: =+D41/C41 -> 1.0985789
A42: VICT | B42: =32440+39588+48102+43548+41412+40968+51704+51435+55440+57617+45700+41689 -> 549643 | C42: =32440+39588+48102+43548+41412+40968+51704+51435+55440+57617 -> 462254 | D42: =41444+27037+39698+37856+42480+38521+41958+41846+36877+41203 -> 388920 | E42: =SUM(F42:J42) -> 41203 | F42: 5293 | H42: 35910 | O42: =+D42/C42 -> 0.84135562
A43: SPCT | B43: =SUM(D43:G43) -> 0 | C43: =SUM(D43:H43) -> 0
A44: Lotus | B44: =2388+2166+2181+2143+2735+2159+2232+3124+2401+2891+2264+3229 -> 29913 | C44: =2388+2166+2181+2143+2735+2159+2232+3124+2401+2891 -> 24420 | D44: =1591+185+300+228+282+250+254+222+245+289 -> 3846 | E44: =SUM(F44:J44) -> 289 | F44: 129 | G44: 160 | L44: =129 -> 129 | N44: 22 | O44: =+D44/C44 -> 0.15749386
A45: Phuoc Long ICD | B45: 12038 | C45: =856+1105+998+1097+762+1006+924+1624+967+1027 -> 10366 | D45: =5554+2707+1759+1797+950+1036+1570 -> 15373 | E45: =SUM(F45:F45:J45) -> 1570 | F45: 525 | G45: 1045 | K45: =52+316 -> 368 | L45: =21+1 -> 22 | N45: 1570 | O45: =+D45/C45 -> 1.4830214
A47: BR-VT | B47: =SUM(B48:B55) -> 4797590 | C47: =SUM(C48:C55) -> 3916644 | D47: =SUM(D48:D55) -> 5258644 | E47: =SUM(E48:E54) -> 565559 | F47: =SUM(F48:F55) -> 242657 | G47: =SUM(G48:G55) -> 277291 | H47: =SUM(H48:H55) -> 6505 | I47: =SUM(I48:I55) -> 6087 | J47: =SUM(J48:J55) -> 33019 | K47: =SUM(K48:K55) -> 40297 | L47: =SUM(L48:L55) -> 59477 | M47: =SUM(M48:M55) -> 1312 | N47: =SUM(N48:N55) -> 61964 | O47: =+D47/C47 -> 1.3426403
A48: SP-PSA | B48: 0 | C48: 0 | E48: =SUM(F48:J48) -> 0
A49: Tân Cảng - TCIT | B49: =127394+89400+147995+127434+174236+176428+189135+187087+174544+192913+163797+135579 -> 1885942 | C49: =127394+89400+147995+127434+174236+176428+189135+187087+174544+192913 -> 1586566 | D49: =152617+131920+130997+153389+149066+196349+174625+189556+159615+174414 -> 1612548 | E49: =SUM(F49:J49) -> 174414 | F49: 75820 | G49: 80954 | H49: 6505 | I49: 6087 | J49: 5048 | K49: =2800+6977+1275+392+182 -> 11626 | L49: =3886+305+299+40 -> 4530 | O49: =+D49/C49 -> 1.0163762
A51: Tân Cảng - TCTT (TCOT cũ) | B51: =47356+52560+79724+85499+66734+68133+73487+69407+60723+61109+72181+84025 -> 820938 | C51: =47356+52560+79724+85499+66734+68133+73487+69407+60723+61109 -> 664732 | D51: =97537+55586+99611+80866+84077+87464+89817+110297+103108+86858 -> 895221 | E51: =SUM(F51:J51) -> 86858 | F51: 41357 | G51: 40218 | J51: 5283 | K51: =718+3303+1147 -> 5168 | O51: =+D51/C51 -> 1.3467397
A52: CMIT | B52: =38855+42860+48337+46082+47751+44611+75076+55809+60576+63502+55882+64932 -> 644273 | C52: =38855+42860+48337+46082+47751+44611+75076+55809+60576+63502 -> 523459 | D52: =59734+65037+69566+76869+85180+98871+84349+95878+74900+91720 -> 802104 | E52: =SUM(F52:J52) -> 91720 | F52: 30545 | G52: 43453 | J52: 17722 | K52: 13968 | L52: =23395+353+4355 -> 28103 | O52: =+D52/C52 -> 1.5323149
A53: SSIT | B53: =38927+25455+65397+44769+34250+34453+44944+60275+38990+46527+28707+33843 -> 496537 | C53: =38927+25455+65397+44769+34250+34453+44944+60275+38990+46527 -> 433987 | D53: =47624+41548+39771+61527+61540+40461+59109+75205+60419+66567 -> 553771 | E53: =SUM(F53:J53) -> 66567 | F53: 27908 | G53: 33693 | J53: 4966 | K53: 9535 | L53: =24030+6+2808 -> 26844 | M53: 1312 | N53: 61964 | O53: =+D53/C53 -> 1.2760083
A54: GEMALINK (*) | B54: 949900 | C54: 707900 | D54: 1395000 | E54: =SUM(F54:J54) -> 146000 | F54: 67027 | G54: 78973 | O54: =+D54/C54 -> 1.9706173
A55: SITV
A57: ĐỒNG BẰNG SCL | B57: =SUM(B58:B65) -> 71421 | C57: =SUM(C58:C65)-C64 -> 60480 | D57: =SUM(D58:D65) -> 46258 | E57: =SUM(E58:E65) -> 6109 | H57: =SUM(H58:H65) -> 3156 | I57: =SUM(I58:I65) -> 2953 | K57: =SUM(K58:K65) -> 1930 | L57: =SUM(L58:L65) -> 1725 | M57: =SUM(M58:M65) -> 0 | N57: =SUM(N58:N65) -> 3241 | O57: =+D57/C57 -> 0.76484788
A58: Can Tho/ Cái Cui | B58: =122+557+792+366+499+468+393+769+628+559+497+230 -> 5880 | C58: =122+557+792+366+499+468+393+769+628+559 -> 5153 | D58: =335+74+675+1816+624+522+232+273+655+1600 -> 6806 | E58: =SUM(F58:J58) -> 1600 | H58: 764 | I58: 836 | K58: =382+60 -> 442 | L58: =358 -> 358 | O58: =+D58/C58 -> 1.320784
A59: Tân Cảng Cái Cui | E59: =SUM(F59:J59) -> 0
A60: Tra Noc CT | B60: =774+884+1093+1806+989+1127+1587+1317+1182+1138+1729+1456 -> 15082 | C60: =774+884+1093+1806+989+1127+1587+1317+1182+1138 -> 11897 | D60: =1670+1062+1129+1350+1391+1439+1192+1252+1332+1078 -> 12895 | E60: =SUM(F60:J60) -> 1078 | H60: 473 | I60: 605 | K60: =204+257 -> 461 | L60: =185+264 -> 449 | O60: =+D60/C60 -> 1.0838867
A61: An Giang | B61: =19101+1605+2057+920+1082 -> 24765 | C61: =19101+1605+2057 -> 22763 | D61: =1089+517+1381+2546+1336+1503+1713+1785+1646+1436 -> 14952 | E61: =SUM(F61:J61) -> 1436 | H61: 700 | I61: 736 | J61: 0 | K61: =2+632 -> 634 | L61: =602+10 -> 612 | N61: 1246 | O61: =+D61/C61 -> 0.65685542
A62: Vinh Long | B62: =SUM(D62:G62) -> 0 | C62: =SUM(D62:H62) -> 0 | E62: =SUM(F62:J62) -> 0
A63: Tan Cang - Sa Dec | B63: 19597 | C63: =2223+1720+1475+1550+1228+2090+2007+1788+1702 -> 15783 | D63: =949+632+800+680+378+254+120+150+155+159 -> 4277 | E63: =SUM(F63:J63) -> 159 | H63: 80 | I63: 79 | K63: 159 | L63: =80 -> 80 | N63: 159 | O63: =+D63/C63 -> 0.27098777
A64: Tan Cang - Thốt Nốt (*) | E64: =SUM(F64:J64) -> 0
A65: VIMC- Hậu Giang | B65: =3284+527+85+247+741+628+585 -> 6097 | C65: =3284+527+85+247+741 -> 4884 | D65: =703+210+509+267+526+508+670+637+1462+1836 -> 7328 | E65: =SUM(F65:J65) -> 1836 | H65: 1139 | I65: 697 | K65: =225+9 -> 234 | L65: =226 -> 226 | N65: 1836 | O65: =+D65/C65 -> 1.5004095
A67: TỔNG CỘNG | B67: =B6+B28+B34+B47+B57 -> 18561273 | C67: =C6+C28+C34+C47+C57 -> 15192753 | D67: =D6+D28+D34+D47+D57 -> 18016244 | E67: =E6+E28+E34+E47+E57 -> 1902717 | F67: =F6+F28+F34+F47+F57 -> 464435 | G67: =G6+G28+F34+G47+G57 -> 494640 | H67: =H6+H28+G34+H47+H57 -> 47495 | I67: =I6+I28+H34+I47+I57 -> 45406 | J67: =J6+J28+I34+J47+J57 -> 33019 | K67: =K6+K28+J34+K47+K57 -> 109328 | L67: =L6+L28+K34+L47+L57 -> 81126 | M67: =M6+M28+L34+M47+M57 -> 1312 | N67: =N6+N28+M34+N47+N57 -> 67461 | O67: =+D67/C67 -> 1.1858446
A68: Tổng cộng VPA và Cảng khác | B68: =B67+B26 -> 20384487 | C68: =C67+C26 -> 16430007 | D68: =D67+D26 -> 19732309 | E68: =E67+E26 -> 2093746
M69: Ngày 14 tháng 11 năm 2024
D71: Tháng 1 | E71: Tháng 2 | F71: Tháng 3 | G71: Tháng 4 | H71: Tháng 5 | I71: Tháng 6 | J71: Tháng 7 | K71: Tháng 8 | L71: Tháng 9 | M71: Tháng 10 | N71: Tháng 11 | O71: Tháng 12 | P71: Năm 2024
B72: Sản lượng hàng tháng | D72: 1845076 | E72: 1453853.1 | F72: 1812571.5 | G72: 1892251.3 | H72: 1870176 | I72: 1911539 | J72: 1961723 | K72: 2029897.8 | L72: 1839034.8 | M72: 1959770 | P72: =SUM(D72:O72) -> 18575893
B73: % so với tháng trước đó | E73: =IF(D72>0,E72/D72,0)*100 -> 78.796382 | F73: =IF(E72>0,F72/E72,0)*100 -> 124.67363 | G73: =IF(F72>0,G72/F72,0)*100 -> 104.39596 | H73: =IF(G72>0,H72/G72,0)*100 -> 98.833383 | I73: =IF(H72>0,I72/H72,0)*100 -> 102.21172 | J73: =IF(H72>0,J72/H72,0)*100 -> 104.8951 | K73: =IF(J72>0,K72/J72,0)*100 -> 103.47525 | L73: =IF(K72>0,L72/K72,0)*100 -> 90.597406 | M73: =IF(L72>0,M72/L72,0)*100 -> 106.56514 | N73: =IF(M72>0,N72/M72,0)*100 -> 0 | O73: =IF(N72>0,O72/N72,0)*100 -> 0
A75: (*) Cảng chưa là thành viên VPA (số liệu được ước tính/tham khảo/cung cấp từ nguồn khác). Riêng số liệu năm 2022 của Gemalink có tính bx sà lan.
A76: Kể từ năm 2012, sản lượng thông qua không tính bốc xếp sà lan.
A77: Số liệu container trung chuyển, container 20', rỗng, lạnh và GN qua Sà lan không chính xác do nhiều cảng chưa thống kê đầy đủ
A78: Những ô để trống: không có số liệu (khác với trường hợp có số liệu = 0)
A79: Ban Thư ký VPA chân thành cám ơn các cảng đã cung cấp số liệu chi tiết nêu trên.
A80: Kính đề nghị các cảng xem xét và chỉnh sửa, bổ sung và báo ngay dùm cho BTK, nếu có thiếu sót.
A81: Dự kiến sẽ cung cấp thường xuyên số liệu cập nhật và chi tiết hơn cho các cảng để tham khảo, sử dụng.
B83: Container (Tấn>TEU) qua CMTV từng tháng năm 2024 có tính BX sà lan (Thông tin tham khảo thêm)
B84: Cảng | D84: Thang 1 | E84: Thang 2 | F84: Thang 3 | G84: Thang 4 | H84: Thang 5 | I84: Thang 6 | J84: Thang 7 | K84: Thang 8 | L84: Thang 9 | M84: Thang 10 | N84: Thang 11 | O84: Thang 12 | P84: Năm 2024 | Q84: Thị phần %
B85: Gemalink | D85: 250647.57 | E85: 303326.79 | F85: 278308.29 | G85: 329534.93 | H85: 264136.86 | I85: 280939.93 | J85: 288262.21 | K85: 271802.21 | L85: 268024.71 | M85: 273538.36 | P85: =SUM(D85:O85) -> 2808521.9 | Q85: =P85/$P$92 -> 0.33674164
B86: TCCT | D86: 51557.786 | E86: 38594.857 | F86: 40995.357 | G86: 33533.714 | H86: 15954.786 | I86: 52129.786 | J86: 43316.857 | K86: 16896.429 | L86: 11983.357 | M86: 36116.357 | P86: =SUM(D86:O86) -> 341079.29 | Q86: =P86/$P$92 -> 0.04089539
B87: TCIT | D87: 157521.86 | E87: 160543.86 | F87: 156602.71 | G87: 190080.79 | H87: 199613.79 | I87: 200030.57 | J87: 179224.21 | K87: 212064 | L87: 216576.86 | M87: 197261.57 | P87: =SUM(D87:O87) -> 1869520.2 | Q87: =P87/$P$92 -> 0.22415539
B88: TCTT | D88: 129327.71 | E88: 98880.786 | F88: 142655.5 | G88: 133507.36 | H88: 117586.21 | I88: 102160.14 | J88: 115071.29 | K88: 125627.07 | L88: 117220.21 | M88: 109571.57 | P88: =SUM(D88:O88) -> 1191607.9 | Q88: =P88/$P$92 -> 0.14287373
B89: SSIT | D89: 81303.643 | E89: 79785.571 | F89: 99571 | G89: 105052.5 | H89: 95685.357 | I89: 101332.71 | J89: 110053 | K89: 157274.64 | L89: 107111.64 | M89: 113778.57 | P89: =SUM(D89:O89) -> 1050948.6 | Q89: =P89/$P$92 -> 0.12600869
B90: CMIT | D90: 79967.429 | E90: 73659.643 | F90: 87559.357 | G90: 116176.93 | H90: 97186.071 | I90: 107421.21 | J90: 106410.43 | K90: 100767.21 | L90: 106862.07 | M90: 108471.5 | P90: =SUM(D90:O90) -> 984481.86 | Q90: =P90/$P$92 -> 0.11803933
B91: LONG SON | D91: 2349.7857 | E91: 4728.1429 | F91: 9206.7857 | G91: 12338.643 | H91: 9361.4286 | I91: 10276.429 | J91: 11068.929 | K91: 13297.5 | L91: 9097.1429 | M91: 12402.357 | P91: =SUM(D91:O91) -> 94127.143 | Q91: =P91/$P$92 -> 0.01128584
D92: =SUM(D85:D91) -> 752675.79 | E92: =SUM(E85:E91) -> 759519.64 | F92: =SUM(F85:F91) -> 814899 | G92: =SUM(G85:G91) -> 920224.86 | H92: =SUM(H85:H91) -> 799524.5 | I92: =SUM(I85:I91) -> 854290.79 | J92: =SUM(J85:J91) -> 853406.93 | K92: =SUM(K85:K91) -> 897729.07 | ... P92: =SUM(P85:P91) -> 8340286.9 | Q92: =P92/$P$92 -> 1

Sheet T11-2024
A1: VPA - SẢN LƯỢNG CONTAINER (TEU) - THÁNG 11 NĂM 2024 / 2023
A3: KHU VỰC / Cảng | B3: Năm 2023 | C3: 11T2023 | D3: 11T 2024 | E3: THÁNG 11-2024 | O3: 11T (2024 / 2023)
E4: CỘNG | F4: Nhập Ngoại | G4: Xuất Ngoại | H4: Nhập nội | I4: Xuất nội | J4: Trung chuyển | K4: 20' | L4: Rỗng | M4: Lạnh | N4: GN qua sà lan
A6: MIỀN BẮC | B6: =SUM(B8:B18) -> 4518182 | C6: 4083293 | D6: =SUM(D8:D18) -> 4801641 | E6: =SUM(E8:E18) -> 434682 | F6: =SUM(F8:F18) -> 186590 | G6: =SUM(G8:G18) -> 183847 | H6: =SUM(H8:H18) -> 25615 | I6: =SUM(I8:I18) -> 26988 | J6: =SUM(J8:J18) -> 0 | K6: =SUM(K8:K18) -> 67265 | ... N6: =SUM(N8:N18) -> 3983 | O6: =+D6/C6 -> 1.1759237
A7: Quang Ninh | E7: =SUM(F7:J7) -> 0
A8: Cái Lân (CICT) | E8: =SUM(F8:J8) -> 0
A9: Hai Phong (Chùa Vẽ+Tân Vũ) | B9: =715133+126685+111732+106510+95851+111311 -> 1267222 | C9: 1155911 | D9: =108077+85467+113186+113042+116756+109995+110509+101300+92745+107226+101895 -> 1160198 | E9: =SUM(F9:J9) -> 101895 | F9: 35979 | G9: 38256 | H9: 13713 | I9: 13947 | O9: =+D9/C9 -> 1.0037088
A10: HICT (Lạch Huyện, HP) | B10: 1272859 | C10: 1141430 | D10: =148719+103732+138638+114388+149772+144287+154524+162231+134683+114242+101779 -> 1466995 | E10: =SUM(F10:J10) -> 101779 | F10: 54903 | G10: 46876 | K10: 15005 | L10: =25843+2067 -> 27910 | O10: =+D10/C10 -> 1.2852256
A11: Đoạn Xá | E11: =SUM(F11:J11) -> 0
A12: Đình vũ | B12: 491959 | C12: 452540 | D12: =39231+38035+45839+55212+55252+51874+53719+51193+43893+46338+47055 -> 527641 | E12: =SUM(F12:J12) -> 47055 | F12: 23974 | G12: 22281 | H12: 368 | I12: 432 | K12: =6769+3050+1+13 -> 9833 | L12: =69+3637+51+15 -> 3772 | O12: =+D12/C12 -> 1.1659544
A13: Nam Hải Đình Vũ | B13: 149160 | C13: 149160 | D13: 0 | O13: =+D13/C13 -> 0
A14: Nam Đình Vũ | B14: =27700+42263+60649+60306+68982+89333+103549+96251+80177+83538+83985+100491 -> 897224 | C14: 796733 | D14: =107401+71667+97692+112321+100543+91682+100061+119410+112186+136804+148168 -> 1197935 | E14: =SUM(F14:J14) -> 148168 | F14: 71734 | G14: 76434 | K14: 36060 | L14: =17026+10845 -> 27871 | M14: 7917 | N14: 988 | O14: =+D14/C14 -> 1.5035589
A15: Tân Cảng 128 Hải Phòng | B15: =6147+7479+7850+9613+8350+10297+8331+8950+9929+9191+7491+7125 -> 100753 | C15: 93628 | D15: =5818+3471+4879+3146+1868+3203+3535+2520+3649+3073+2995 -> 38157 | E15: =SUM(F15:J15) -> 2995 | H15: 1432 | I15: 1563 | K15: =274+227 -> 501 | L15: =12+38 -> 50 | N15: 2995 | O15: =+D15/C15 -> 0.40753834
A16: Transvina | B16: =540+350 -> 890 | C16: 540 | D16: =528 -> 528 | E16: 0 | O16: =+D16/C16 -> 0.97777778
A17: PTSC Đình Vũ | B17: =14801+21013+19343+20052+25339+15490+23521+25450+24091+25115+25902+30182 -> 270299 | C17: 240117 | D17: =29509+14652+23209+24242+23009+26529+25218+28150+30612+24870+21148 -> 271148 | E17: =SUM(F17:J17) -> 21148 | H17: 10102 | I17: 11046 | K17: 5866 | L17: =479+1196 -> 1675 | O17: =+D17/C17 -> 1.1292328
A18: VIMC Đình Vũ | B18: 67816 | C18: 53234 | D18: =127397+11642 -> 139039 | E18: 11642 | O18: =+D18/C18 -> 2.6118458
A19: Vip Green Port (*) | B19: 633659 | C19: 578112 | D19: =534688+54911 -> 589599 | E19: 54911
A20: Green Port (*) | B20: 255481 | C20: 232536 | D20: =228437+18717 -> 247154 | E20: 18717
A21: Mipec (*) | B21: 92242 | C21: 88624 | D21: =76626+5290 -> 81916 | E21: 5290
A22: Hải An (*) | B22: 400078 | C22: 363152 | D22: =383761+42517 -> 426278 | E22: 42517
A23: TC 189 Hải Phòng (*) | B23: 171077 | C23: 155294 | D23: =159887+13631 -> 173518 | E23: 13631
A24: Nam Hải Dình Vũ (*) | B24: 270677 | C24: 253329 | D24: =199276+27729 -> 227005 | E24: 27729
A25: Nam Hải (*) | D25: 133390 | E25: 18161
B26: =SUM(B19:B25) -> 1823214 | C26: 1237254 | D26: =SUM(D19:D25) -> 1878860 | E26: =SUM(E19:E25) -> 180956
A28: MIỀN TRUNG | B28: =SUM(B29:B32) -> 860026 | C28: 774414 | D28: =SUM(D29:D32) -> 880515 | E28: =SUM(E29:E32) -> 81910 | F28: =SUM(F29:F32) -> 31503 | G28: =SUM(G29:G32) -> 36080 | H28: =SUM(H29:H32) -> 8571 | I28: =SUM(I29:I32) -> 5756 | J28: =SUM(J29:J32) -> 0 | K28: =SUM(K29:K32) -> 13433 | ... N28: =SUM(N29:N32) -> 0 | O28: =+D28/C28 -> 1.1370081
A29: Nghe Tinh | B29: =30481+3346 -> 33827 | C29: 30481 | D29: =31848+3560 -> 35408 | E29: =SUM(F29:J29) -> 3560 | F29: 1720 | G29: 1840 | K29: =577+760 -> 1337 | L29: =137 -> 137 | O29: =+D29/C29 -> 1.1616417
A30: Da Nang | B30: 675254 | C30: 611206 | D30: =64505+48073+62185+62452+59765+64280+67096+71165+61780+66528+63320 -> 691149 | E30: =SUM(F30:J30) -> 63320 | F30: 24809 | G30: 26491 | H30: 6343 | I30: 5677 | K30: =4406+4486+1505+748 -> 11145 | L30: =457+405+298+665 -> 1825 | O30: =+D30/C30 -> 1.1307955
A31: Quy Nhon | B31: =120488+12239+18218 -> 150945 | C31: 132727 | D31: =22490+11900+19473+16591+12914+13370+11563+9278+10032+11317+15030 -> 153958 | E31: =SUM(F31:J31) -> 15030 | F31: 4974 | G31: 7749 | H31: 2228 | I31: 79 | K31: =195+621+94+41 -> 951 | L31: =155+4+64+10 -> 233 | O31: =+D31/C31 -> 1.1599599
A32: Cam Ranh | B32: 0
A34: TP HCM | B34: =SUM(B35:B45) -> 8314054 | C34: 7559174 | D34: =SUM(D35:D45) -> 8343417 | E34: =SUM(E35:E45) -> 797640 | O34: =+D34/C34 -> 1.1037472
A35: Binh Duong | B35: =439746+58130+61049 -> 558925 | C35: 497876 | D35: =176793+71526+59980+65204+71423+79211+71917+76068+84439 -> 756561 | E35: =SUM(F35:J35) -> 84439 | H35: 25652 | I35: 58787 | K35: =109+1545 -> 1654 | L35: =95 -> 95 | O35: =+D35/C35 -> 1.5195772
A36: Đồng Nai | B36: =506252+63971 -> 570223 | C36: 506252 | D36: =315296+56739+61665+55007+62647+65661 -> 617015 | E36: =SUM(F36:J36) -> 65661 | H36: 10458 | I36: 55203 | K36: =89+1211 -> 1300 | L36: =91 -> 91 | M36: 65661 | O36: =+D36/C36 -> 1.2187902
A37: ITC- CORP | B37: =42017+51282+45948+47390+55304+49234+45680+47437+43911+34616+30188+41910 -> 534917 | C37: 493007 | D37: =43919+38655+49389+49920+41452+46211+54147+61115+45816+53985+53251 -> 537860 | E37: =SUM(F37:J37) -> 53251 | F37: 20638 | G37: 22101 | H37: 5088 | I37: 4370 | J37: 1054 | K37: =3428+6625+1199+1102+191 -> 12545 | L37: =430+106+119+0+93 -> 748 | M37: 2387 | O37: =+D37/C37 -> 1.0909784
A38: Cảng Sai Gòn | B38: =154869+18461+17185+18184+22072 -> 230771 | C38: 208699 | D38: =20214+11681+23581+25619+22301+21824+20127+19528+19926+20275+23052 -> 228128 | E38: =SUM(F38:J38) -> 23052 | H38: 11226 | I38: 11826 | K38: =2456+2876 -> 5332 | L38: =464+176 -> 640 | M38: 192 | O38: =+D38/C38 -> 1.0930958
A39: Ben Nghe | B39: =50925+32855+32535+28886+28236+30552+33558+32390+29858+33841+31383 -> 365019 | C39: 333636 | D39: =36191+20920+29070+23929+27875+30427+28473+27605+28149+32945+33352 -> 318936 | E39: =SUM(H39:J39) -> 33352 | H39: 16783 | I39: 16569 | K39: =4917+5304 -> 10221 | L39: =206+295 -> 501 | O39: =+D39/C39 -> 0.95594001
A40: Tan Cang - Hiệp Phước | B40: =5696+3958+5815+9110+7468+13154+12856+16704+16494+13524+11707+13991 -> 130477 | C40: 116486 | D40: =12008+9467+14763+14113+14691+14606+10209+8082+10081+11470+13518 -> 133008 | E40: =SUM(F40:J40) -> 13518 | F40: 3269 | G40: 10242 | J40: 7 | K40: =1017+1341 -> 2358 | L40: =22+2139 -> 2161 | N40: 30 | O40: =+D40/C40 -> 1.1418368
A41: Tan Cang - Cat Lai | B41: =372397+393542+480876+438506+433683+444706+469051+460647+432596+460939+470477+474708 -> 5332128 | C41: 4857420 | D41: =492323+373517+489518+501319+498148+483300+509517+496996+483525+491240+487179 -> 5306582 | E41: =SUM(F41:J41) -> 487179 | F41: 277578 | G41: 209601 | K41: =75093+61714 -> 136807 | L41: =4653+8993 -> 13646 | O41: =+D41/C41 -> 1.0924693
A42: VICT | B42: =32440+39588+48102+43548+41412+40968+51704+51435+55440+57617+45700+41689 -> 549643 | C42: 507954 | D42: =41444+27037+39698+37856+42480+38521+41958+41846+36877+41203+36023 -> 424943 | E42: =SUM(F42:J42) -> 36023 | F42: 3149 | H42: 32874 | O42: =+D42/C42 -> 0.83657772
A43: SPCT | B43: =SUM(D43:G43) -> 0 | C43: 0
A44: Lotus | B44: =2388+2166+2181+2143+2735+2159+2232+3124+2401+2891+2264+3229 -> 29913 | C44: 26684 | D44: =1591+185+300+228+282+250+254+222+245+289+277 -> 4123 | E44: =SUM(F44:J44) -> 277 | F44: 125 | G44: 152 | K44: 152 | L44: 125 | M44: 40 | O44: =+D44/C44 -> 0.15451207
A45: Phuoc Long ICD | B45: 12038 | C45: 11160 | D45: =5554+2707+1759+1797+950+1036+1570+888 -> 16261 | E45: =SUM(F45:F45:J45) -> 888 | F45: 331 | G45: 557 | K45: =45+63 -> 108 | L45: =142 -> 142 | M45: 888 | O45: =+D45/C45 -> 1.4570789
A47: BR-VT | B47: =SUM(B48:B55) -> 4797590 | C47: 4952010 | D47: =SUM(D48:D55) -> 5830425 | E47: =SUM(E48:E54) -> 571781 | F47: =SUM(F48:F55) -> 256426 | G47: =SUM(G48:G55) -> 273624 | H47: =SUM(H48:H55) -> 5853 | I47: =SUM(I48:I55) -> 4244 | J47: =SUM(J48:J55) -> 31634 | K47: =SUM(K48:K55) -> 41827 | L47: =SUM(L48:L55) -> 107017 | M47: =SUM(M48:M55) -> 1936 | N47: =SUM(N48:N55) -> 60724 | O47: =+D47/C47 -> 1.1773855
A48: SP-PSA | B48: 0 | E48: =SUM(F48:J48) -> 0
A49: Tân Cảng - TCIT | B49: =127394+89400+147995+127434+174236+176428+189135+187087+174544+192913+163797+135579 -> 1885942 | C49: 1750268 | D49: =152617+131920+130997+153389+149066+196349+174625+189556+159615+174414+174638 -> 1787186 | E49: =SUM(F49:J49) -> 174638 | F49: 78284 | G49: 79795 | H49: 5853 | I49: 4244 | J49: 6462 | K49: 15410 | L49: =53817+1032+785+1973+1766 -> 59373 | O49: =+D49/C49 -> 1.0210928
C50: 0
A51: Tân Cảng - TCTT (TCOT cũ) | B51: =47356+52560+79724+85499+66734+68133+73487+69407+60723+61109+72181+84025 -> 820938 | C51: 736913 | D51: =97537+55586+99611+80866+84077+87464+89817+110297+103108+86858+89238 -> 984459 | E51: =SUM(F51:J51) -> 89238 | F51: 46001 | G51: 36933 | J51: 6304 | K51: =1302+3836+1462 -> 6600 | L51: =1299+53+116 -> 1468 | O51: =+D51/C51 -> 1.335923
A52: CMIT | B52: =38855+42860+48337+46082+47751+44611+75076+55809+60576+63502+55882+64932 -> 644273 | C52: 579341 | D52: =59734+65037+69566+76869+85180+98871+84349+95878+74900+91720+96454 -> 898558 | E52: =SUM(F52:J52) -> 96454 | F52: 34478 | G52: 46406 | J52: 15570 | K52: 12088 | L52: =20307+20+288 -> 20615 | O52: =+D52/C52 -> 1.5510002
A53: SSIT | B53: =38927+25455+65397+44769+34250+34453+44944+60275+38990+46527+28707+33843 -> 496537 | C53: 462694 | D53: =47624+41548+39771+61527+61540+40461+59109+75205+60419+66567+64451 -> 618222 | E53: =SUM(F53:J53) -> 64451 | F53: 26993 | G53: 34160 | J53: 3298 | K53: 7729 | L53: =23412+29+2120 -> 25561 | M53: 1936 | N53: 60724 | O53: =+D53/C53 -> 1.3361358
A54: GEMALINK (*) | B54: 949900 | C54: 808900 | D54: 1542000 | E54: =SUM(F54:J54) -> 147000 | F54: 70670 | G54: 76330 | O54: =+D54/C54 -> 1.9062925
A55: SITV
A57: ĐỒNG BẰNG SCL | B57: =SUM(B58:B65) -> 71421 | C57: 66072 | D57: =SUM(D58:D65) -> 50779 | E57: =SUM(E58:E65) -> 4521 | H57: =SUM(H58:H65) -> 2402 | I57: =SUM(I58:I65) -> 2119 | K57: =SUM(K58:K65) -> 1367 | L57: =SUM(L58:L65) -> 1113 | M57: =SUM(M58:M65) -> 749 | N57: =SUM(N58:N65) -> 2132 | O57: =+D57/C57 -> 0.76854038
A58: Can Tho/ Cái Cui | B58: =122+557+792+366+499+468+393+769+628+559+497+230 -> 5880 | C58: 5650 | D58: =335+74+675+1816+624+522+232+273+655+1600+1480 -> 8286 | E58: =SUM(F58:J58) -> 1480 | H58: 826 | I58: 654 | K58: =2 -> 2 | L58: 2 | O58: =+D58/C58 -> 1.4665487
A59: Tân Cảng Cái Cui | E59: =SUM(F59:J59) -> 0
A60: Tra Noc CT | B60: =774+884+1093+1806+989+1127+1587+1317+1182+1138+1729+1456 -> 15082 | C60: 13626 | D60: =1670+1062+1129+1350+1391+1439+1192+1252+1332+1078+1196 -> 14091 | E60: =SUM(F60:J60) -> 1196 | H60: 633 | I60: 563 | K60: =368+192 -> 560 | L60: =161+255 -> 416 | N60: 1196 | O60: =+D60/C60 -> 1.0341259
A61: An Giang | B61: =19101+1605+2057+920+1082 -> 24765 | C61: 23683 | D61: =1089+517+1381+2546+1336+1503+1713+1785+1646+1436+909 -> 15861 | E61: =SUM(F61:J61) -> 909 | H61: 437 | I61: 472 | K61: =2+369 -> 371 | L61: =355+23 -> 378 | M61: 749 | O61: =+D61/C61 -> 0.6697209
A62: Vinh Long | B62: =SUM(D62:G62) -> 0 | C62: 0 | E62: =SUM(F62:J62) -> 0
A63: Tan Cang - Sa Dec | B63: 19597 | C63: 17601 | D63: =949+632+800+680+378+254+120+150+155+159+135 -> 4412 | E63: =SUM(F63:J63) -> 135 | H63: 73 | I63: 62 | K63: 135 | L63: =73 -> 73 | N63: 135 | O63: =+D63/C63 -> 0.25066758
A64: Tan Cang - Thốt Nốt (*) | E64: =SUM(F64:J64) -> 0
A65: VIMC- Hậu Giang | B65: =3284+527+85+247+741+628+585 -> 6097 | C65: 5512 | D65: =703+210+509+267+526+508+670+637+1462+1836+801 -> 8129 | E65: =SUM(F65:J65) -> 801 | H65: 433 | I65: 368 | K65: =265+34 -> 299 | L65: =244 -> 244 | N65: 801 | O65: =+D65/C65 -> 1.4747823
A67: TỔNG CỘNG | B67: =B6+B28+B34+B47+B57 -> 18561273 | C67: =C6+C28+C34+C47+C57 -> 17434963 | D67: =D6+D28+D34+D47+D57 -> 19906777 | E67: =E6+E28+E34+E47+E57 -> 1890534 | F67: =F6+F28+F34+F47+F57 -> 474519 | G67: =G6+G28+F34+G47+G57 -> 493551 | H67: =H6+H28+G34+H47+H57 -> 42441 | I67: =I6+I28+H34+I47+I57 -> 39107 | J67: =J6+J28+I34+J47+J57 -> 31634 | K67: =K6+K28+J34+K47+K57 -> 123892 | L67: =L6+L28+K34+L47+L57 -> 171603 | M67: =M6+M28+L34+M47+M57 -> 10602 | N67: =N6+N28+M34+N47+N57 -> 66839 | O67: =+D67/C67 -> 1.1417734
A68: Tổng cộng VPA và Cảng khác | B68: =B67+B26 -> 20384487 | C68: =C67+C26 -> 18672217 | D68: =D67+D26 -> 21785637 | E68: =E67+E26 -> 2071490
M69: Ngày 14 tháng 12 năm 2024
D71: Tháng 1 | E71: Tháng 2 | F71: Tháng 3 | G71: Tháng 4 | H71: Tháng 5 | I71: Tháng 6 | J71: Tháng 7 | K71: Tháng 8 | L71: Tháng 9 | M71: Tháng 10 | N71: Tháng 11 | O71: Tháng 12 | P71: Năm 2024
B72: Sản lượng hàng tháng | D72: 1845076 | E72: 1453853.1 | F72: 1812571.5 | G72: 1892251.3 | H72: 1870176 | I72: 1911539 | J72: 1961723 | K72: 2029897.8 | L72: 1839034.8 | M72: 1965535 | N72: 1947059 | P72: =SUM(D72:O72) -> 20528717
B73: % so với tháng trước đó | E73: =IF(D72>0,E72/D72,0)*100 -> 78.796382 | F73: =IF(E72>0,F72/E72,0)*100 -> 124.67363 | G73: =IF(F72>0,G72/F72,0)*100 -> 104.39596 | H73: =IF(G72>0,H72/G72,0)*100 -> 98.833383 | I73: =IF(H72>0,I72/H72,0)*100 -> 102.21172 | J73: =IF(H72>0,J72/H72,0)*100 -> 104.8951 | K73: =IF(J72>0,K72/J72,0)*100 -> 103.47525 | L73: =IF(K72>0,L72/K72,0)*100 -> 90.597406 | M73: =IF(L72>0,M72/L72,0)*100 -> 106.87862 | N73: =IF(M72>0,N72/M72,0)*100 -> 99.060001 | O73: =IF(N72>0,O72/N72,0)*100 -> 0
A75: (*) Cảng chưa là thành viên VPA (số liệu được ước tính/tham khảo/cung cấp từ nguồn khác). Riêng số liệu năm 2022 của Gemalink có tính bx sà lan.
A76: Kể từ năm 2012, sản lượng thông qua không tính bốc xếp sà lan.
A77: Số liệu container trung chuyển, container 20', rỗng, lạnh và GN qua Sà lan không chính xác do nhiều cảng chưa thống kê đầy đủ
A78: Những ô để trống: không có số liệu (khác với trường hợp có số liệu = 0)
A79: Ban Thư ký VPA chân thành cám ơn các cảng đã cung cấp số liệu chi tiết nêu trên.
A80: Kính đề nghị các cảng xem xét và chỉnh sửa, bổ sung và báo ngay dùm cho BTK, nếu có thiếu sót.
A81: Dự kiến sẽ cung cấp thường xuyên số liệu cập nhật và chi tiết hơn cho các cảng để tham khảo, sử dụng.
B83: Container (Tấn>TEU) qua CMTV từng tháng năm 2024 có tính BX sà lan (Thông tin tham khảo thêm)
B84: Cảng | D84: Thang 1 | E84: Thang 2 | F84: Thang 3 | G84: Thang 4 | H84: Thang 5 | I84: Thang 6 | J84: Thang 7 | K84: Thang 8 | L84: Thang 9 | M84: Thang 10 | N84: Thang 11 | O84: Thang 12 | P84: Năm 2024 | Q84: Thị phần %
B85: Gemalink | D85: 250647.57 | E85: 303326.79 | F85: 278308.29 | G85: 329534.93 | H85: 264136.86 | I85: 280939.93 | J85: 288262.21 | K85: 271802.21 | L85: 268024.71 | M85: 273538.36 | N85: 280962.93 | P85: =SUM(D85:O85) -> 3089484.8 | Q85: =P85/$P$92 -> 0.33554572
B86: TCCT | D86: 51557.786 | E86: 38594.857 | F86: 40995.357 | G86: 33533.714 | H86: 15954.786 | I86: 52129.786 | J86: 43316.857 | K86: 16896.429 | L86: 11983.357 | M86: 36116.357 | N86: 35962.643 | P86: =SUM(D86:O86) -> 377041.93 | Q86: =P86/$P$92 -> 0.040950131
B87: TCIT | D87: 157521.86 | E87: 160543.86 | F87: 156602.71 | G87: 190080.79 | H87: 199613.79 | I87: 200030.57 | J87: 179224.21 | K87: 212064 | L87: 216576.86 | M87: 197261.57 | N87: 176496.57 | P87: =SUM(D87:O87) -> 2046016.8 | Q87: =P87/$P$92 -> 0.22221575
B88: TCTT | D88: 129327.71 | E88: 98880.786 | F88: 142655.5 | G88: 133507.36 | H88: 117586.21 | I88: 102160.14 | J88: 115071.29 | K88: 125627.07 | L88: 117220.21 | M88: 109571.57 | N88: 117013.21 | P88: =SUM(D88:O88) -> 1308621.1 | Q88: =P88/$P$92 -> 0.14212797
B89: SSIT | D89: 81303.643 | E89: 79785.571 | F89: 99571 | G89: 105052.5 | H89: 95685.357 | I89: 101332.71 | J89: 110053 | K89: 157274.64 | L89: 107111.64 | M89: 113778.57 | N89: 126239.71 | P89: =SUM(D89:O89) -> 1177188.4 | Q89: =P89/$P$92 -> 0.1278532
B90: CMIT | D90: 79967.429 | E90: 73659.643 | F90: 87559.357 | G90: 116176.93 | H90: 97186.071 | I90: 107421.21 | J90: 106410.43 | K90: 100767.21 | L90: 106862.07 | M90: 108471.5 | N90: 116052.71 | P90: =SUM(D90:O90) -> 1100534.6 | Q90: =P90/$P$92 -> 0.11952791
B91: LONG SON | D91: 2349.7857 | E91: 4728.1429 | F91: 9206.7857 | G91: 12338.643 | H91: 9361.4286 | I91: 10276.429 | J91: 11068.929 | K91: 13297.5 | L91: 9097.1429 | M91: 12402.357 | N91: 14329 | P91: =SUM(D91:O91) -> 108456.14 | Q91: =P91/$P$92 -> 0.011779309
D92: =SUM(D85:D91) -> 752675.79 | E92: =SUM(E85:E91) -> 759519.64 | F92: =SUM(F85:F91) -> 814899 | G92: =SUM(G85:G91) -> 920224.86 | H92: =SUM(H85:H91) -> 799524.5 | I92: =SUM(I85:I91) -> 854290.79 | J92: =SUM(J85:J91) -> 853406.93 | K92: =SUM(K85:K91) -> 897729.07 | ... P92: =SUM(P85:P91) -> 9207343.6 | Q92: =P92/$P$92 -> 1

Sheet T12-2024
A1: VPA - SẢN LƯỢNG CONTAINER (TEU) - THÁNG 12 NĂM 2024 / 2023
A3: KHU VỰC / Cảng | B3: Năm 2023 | C3: 12T2023 | D3: 12T 2024 | E3: THÁNG 12-2024 | O3: 12T (2024 / 2023)
E4: CỘNG | F4: Nhập Ngoại | G4: Xuất Ngoại | H4: Nhập nội | I4: Xuất nội | J4: Trung chuyển | K4: 20' | L4: Rỗng | M4: Lạnh | N4: GN qua sà lan
A6: MIỀN BẮC | B6: =SUM(B8:B18) -> 4518182 | C6: =SUM(C8:C18) -> 4518182 | D6: =SUM(D8:D18) -> 5271721 | E6: =SUM(E8:E18) -> 470080 | F6: =SUM(F8:F18) -> 216722 | G6: =SUM(G8:G18) -> 190068 | H6: =SUM(H8:H18) -> 31064 | I6: =SUM(I8:I18) -> 32226 | ... N6: =SUM(N8:N18) -> 75259 | O6: =+D6/C6 -> 1.1667792
A7: Quang Ninh | E7: =SUM(F7:J7) -> 0
A8: Cái Lân (CICT) | E8: =SUM(F8:J8) -> 0
A9: Hai Phong (Chùa Vẽ+Tân Vũ) | B9: =715133+126685+111732+106510+95851+111311 -> 1267222 | C9: =715133+126685+111732+106510+95851+111311 -> 1267222 | D9: =108077+85467+113186+113042+116756+109995+110509+101300+92745+107226+101895+113016 -> 1273214 | E9: =SUM(F9:J9) -> 113016 | F9: 38421 | G9: 39497 | H9: 17506 | I9: 17592 | O9: =+D9/C9 -> 1.0047285
A10: HICT (Lạch Huyện, HP) | B10: 1272859 | C10: 1272859 | D10: =148719+103732+138638+114388+149772+144287+154524+162231+134683+114242+101779+138292 -> 1605287 | E10: =SUM(F10:J10) -> 138292 | F10: 78236 | G10: 60056 | K10: 21408 | L10: =36887+5067 -> 41954 | O10: =+D10/C10 -> 1.2611664
A11: Đoạn Xá | E11: =SUM(F11:J11) -> 0
A12: Đình vũ | B12: 491959 | C12: 491959 | D12: =39231+38035+45839+55212+55252+51874+53719+51193+43893+46338+47055+45738 -> 573379 | E12: =SUM(F12:J12) -> 45738 | F12: 24031 | G12: 20912 | H12: 447 | I12: 348 | K12: =6182+2713+4+53 -> 8952 | L12: =31+3617+1 -> 3649 | O12: =+D12/C12 -> 1.1655016
A13: Nam Hải Đình Vũ | B13: 149160 | C13: 149160 | D13: 0 | O13: =+D13/C13 -> 0
A14: Nam Đình Vũ | B14: =27700+42263+60649+60306+68982+89333+103549+96251+80177+83538+83985+100491 -> 897224 | C14: =27700+42263+60649+60306+68982+89333+103549+96251+80177+83538+83985+100491 -> 897224 | D14: =107401+71667+97692+112321+100543+91682+100061+119410+112186+136804+148168+145637 -> 1343572 | E14: =SUM(F14:J14) -> 145637 | F14: 76034 | G14: 69603 | K14: =15032+13106 -> 28138 | L14: =1664+3967 -> 5631 | M14: 9368 | N14: 75259 | O14: =+D14/C14 -> 1.4974767
A15: Tân Cảng 128 Hải Phòng | B15: =6147+7479+7850+9613+8350+10297+8331+8950+9929+9191+7491+7125 -> 100753 | C15: =6147+7479+7850+9613+8350+10297+8331+8950+9929+9191+7491+7125 -> 100753 | D15: =5818+3471+4879+3146+1868+3203+3535+2520+3649+3073+2995+3507 -> 41664 | E15: =SUM(F15:J15) -> 3507 | H15: 1669 | I15: 1838 | O15: =+D15/C15 -> 0.41352615
A16: Transvina | B16: =540+350 -> 890 | C16: =540+350 -> 890 | D16: =528 -> 528 | E16: 0 | O16: =+D16/C16 -> 0.59325843
A17: PTSC Đình Vũ | B17: =14801+21013+19343+20052+25339+15490+23521+25450+24091+25115+25902+30182 -> 270299 | C17: =14801+21013+19343+20052+25339+15490+23521+25450+24091+25115+25902+30182 -> 270299 | D17: =29509+14652+23209+24242+23009+26529+25218+28150+30612+24870+21148+23890 -> 295038 | E17: =SUM(F17:J17) -> 23890 | H17: 11442 | I17: 12448 | K17: 6610 | L17: =808+1272 -> 2080 | O17: =+D17/C17 -> 1.0915246
A18: VIMC Đình Vũ | B18: 67816 | C18: 67816 | D18: =127397+11642 -> 139039 | E18: 0 | O18: =+D18/C18 -> 2.0502389
A19: Vip Green Port (*) | B19: 633659 | C19: 633659 | D19: =534688+54911 -> 589599 | E19: 54911
A20: Green Port (*) | B20: 255481 | C20: 255481 | D20: =228437+18717 -> 247154 | E20: 18717
A21: Mipec (*) | B21: 92242 | C21: 92242 | D21: =76626+5290 -> 81916 | E21: 5290
A22: Hải An (*) | B22: 400078 | C22: 400078 | D22: =383761+42517 -> 426278 | E22: 42517
A23: TC 189 Hải Phòng (*) | B23: 171077 | C23: 171077 | D23: =159887+13631 -> 173518 | E23: 13631
A24: Nam Hải Dình Vũ (*) | B24: 270677 | C24: 270677 | D24: =199276+27729 -> 227005 | E24: 27729
A25: Nam Hải (*) | D25: 133390 | E25: 18161
B26: =SUM(B19:B25) -> 1823214 | C26: =SUM(C19:C25) -> 1823214 | D26: =SUM(D19:D25) -> 1878860 | E26: =SUM(E19:E25) -> 180956
A28: MIỀN TRUNG | B28: =SUM(B29:B32) -> 860026 | C28: =SUM(C29:C32) -> 860026 | D28: =SUM(D29:D32) -> 975868 | E28: =SUM(E29:E32) -> 95353 | O28: =+D28/C28 -> 1.1346959
A29: Nghe Tinh | B29: =30481+3346 -> 33827 | C29: =30481+3346 -> 33827 | D29: =31848+3560+3666 -> 39074 | E29: =SUM(F29:J29) -> 3666 | H29: 1859 | I29: 1807 | K29: =709+700 -> 1409 | L29: =92+3 -> 95 | N29: 3666 | O29: =+D29/C29 -> 1.1551128
A30: Da Nang | B30: 675254 | C30: 675254 | D30: =64505+48073+62185+62452+59765+64280+67096+71165+61780+66528+63320+71042 -> 762191 | E30: =SUM(F30:J30) -> 71042 | F30: 29324 | G30: 29199 | H30: 6566 | I30: 5953 | K30: 14996 | L30: =3813+1993+1792+3172 -> 10770 | O30: =+D30/C30 -> 1.1287471
A31: Quy Nhon | B31: =120488+12239+18218 -> 150945 | C31: =120488+12239+18218 -> 150945 | D31: =22490+11900+19473+16591+12914+13370+11563+9278+10032+11317+15030+20645 -> 174603 | E31: =SUM(F31:J31) -> 20645 | F31: 9473 | G31: 9309 | H31: 1656 | I31: 207 | K31: =192+570+31+41 -> 834 | L31: =651+7+55+2 -> 715 | O31: =+D31/C31 -> 1.1567326
A32: Cam Ranh | B32: 0 | C32: 0
A34: TP HCM | B34: =SUM(B35:B45) -> 8314054 | C34: =SUM(C35:C45) -> 8314054 | D34: =SUM(D35:D45) -> 9158193 | E34: =SUM(E35:E45) -> 814776 | O34: =+D34/C34 -> 1.1015316
A35: Binh Duong | B35: =439746+58130+61049 -> 558925 | C35: =439746+58130+61049 -> 558925 | D35: =176793+71526+59980+65204+71423+79211+71917+76068+84439+81079 -> 837640 | E35: =SUM(F35:J35) -> 81079 | H35: 23866 | I35: 57213 | K35: 1851 | L35: =20492+28 -> 20520 | O35: =+D35/C35 -> 1.4986626
A36: Đồng Nai | B36: =506252+63971 -> 570223 | C36: =506252+63971 -> 570223 | D36: =315296+56739+61665+55007+62647+65661+65065 -> 682080 | E36: =SUM(F36:J36) -> 65065 | H36: 10364 | I36: 54701 | K36: =56+1305 -> 1361 | L36: =268+0 -> 268 | M36: 65065 | O36: =+D36/C36 -> 1.1961636
A37: ITC- CORP | B37: =42017+51282+45948+47390+55304+49234+45680+47437+43911+34616+30188+41910 -> 534917 | C37: =42017+51282+45948+47390+55304+49234+45680+47437+43911+34616+30188+41910 -> 534917 | D37: =43919+38655+49389+49920+41452+46211+54147+61115+45816+53985+53251+54204 -> 592064 | E37: =SUM(F37:J37) -> 54204 | F37: 25485 | G37: 23085 | H37: 2288 | I37: 2189 | J37: 1157 | K37: 13458 | L37: =8883+886+142+127+642 -> 10680 | N37: 54204 | O37: =+D37/C37 -> 1.1068334
A38: Cảng Sai Gòn | B38: =154869+18461+17185+18184+22072 -> 230771 | C38: =154869+18461+17185+18184+22072 -> 230771 | D38: =20214+11681+23581+25619+22301+21824+20127+19528+19926+20275+23052+20682 -> 248810 | E38: =SUM(F38:J38) -> 20682 | H38: 9873 | I38: 10809 | K38: =2282+2569 -> 4851 | L38: =291+198 -> 489 | M38: 196 | N38: 2493 | O38: =+D38/C38 -> 1.0781684
A39: Ben Nghe | B39: =50925+32855+32535+28886+28236+30552+33558+32390+29858+33841+31383 -> 365019 | C39: =50925+32855+32535+28886+28236+30552+33558+32390+29858+33841+31383 -> 365019 | D39: =36191+20920+29070+23929+27875+30427+28473+27605+28149+32945+33352+27283 -> 346219 | E39: =SUM(H39:J39) -> 27283 | H39: 13564 | I39: =13719 -> 13719 | K39: =4191+4414 -> 8605 | L39: =337+239 -> 576 | M39: 122 | N39: 697 | O39: =+D39/C39 -> 0.94849583
A40: Tan Cang - Hiệp Phước | B40: =5696+3958+5815+9110+7468+13154+12856+16704+16494+13524+11707+13991 -> 130477 | C40: =5696+3958+5815+9110+7468+13154+12856+16704+16494+13524+11707+13991 -> 130477 | D40: =12008+9467+14763+14113+14691+14606+10209+8082+10081+11470+13518+17152 -> 150160 | E40: =SUM(F40:J40) -> 17152 | F40: 4893 | G40: 11533 | J40: 726 | K40: 4986 | L40: =1785+4218+726 -> 6729 | O40: =+D40/C40 -> 1.1508542
A41: Tan Cang - Cat Lai | B41: =372397+393542+480876+438506+433683+444706+469051+460647+432596+460939+470477+474708 -> 5332128 | C41: =372397+393542+480876+438506+433683+444706+469051+460647+432596+460939+470477+474708 -> 5332128 | D41: =492323+373517+489518+501319+498148+483300+509517+496996+483525+491240+487179+505109 -> 5811691 | E41: =SUM(F41:J41) -> 505109 | F41: 288871 | G41: 216238 | K41: 156429 | L41: =21925+21500 -> 43425 | N41: 689 | O41: =+D41/C41 -> 1.0899384
A42: VICT | B42: =32440+39588+48102+43548+41412+40968+51704+51435+55440+57617+45700+41689 -> 549643 | C42: =32440+39588+48102+43548+41412+40968+51704+51435+55440+57617+45700+41689 -> 549643 | D42: =41444+27037+39698+37856+42480+38521+41958+41846+36877+41203+36023+42811 -> 467754 | E42: =SUM(F42:J42) -> 42811 | F42: 3423 | H42: 39388 | O42: =+D42/C42 -> 0.8510142
A43: SPCT | B43: =SUM(D43:G43) -> 0 | C43: =SUM(E43:H43) -> 0
A44: Lotus | B44: =2388+2166+2181+2143+2735+2159+2232+3124+2401+2891+2264+3229 -> 29913 | C44: =2388+2166+2181+2143+2735+2159+2232+3124+2401+2891+2264+3229 -> 29913 | D44: =1591+185+300+228+282+250+254+222+245+289+277+286 -> 4409 | E44: =SUM(F44:J44) -> 286 | F44: 160 | G44: 126 | K44: 286 | L44: =160 -> 160 | N44: 6 | O44: =+D44/C44 -> 0.14739411
A45: Phuoc Long ICD | B45: 12038 | C45: 12038 | D45: =5554+2707+1759+1797+950+1036+1570+888+1105 -> 17366 | E45: =SUM(F45:F45:J45) -> 1105 | F45: 216 | G45: 889 | N45: 1105 | O45: =+D45/C45 -> 1.4425984
A47: BR-VT | B47: =SUM(B48:B55) -> 4797590 | C47: =SUM(C48:C55) -> 4797590 | D47: =SUM(D48:D55) -> 6417935 | E47: =SUM(E48:E54) -> 587510 | F47: =SUM(F48:F55) -> 174991 | G47: =SUM(G48:G55) -> 208658 | H47: =SUM(H48:H55) -> 6513 | I47: =SUM(I48:I55) -> 4541 | J47: =SUM(J48:J55) -> 36807 | K47: =SUM(K48:K55) -> 47613 | L47: =SUM(L48:L55) -> 127038 | M47: =SUM(M48:M55) -> 23812 | N47: =SUM(N48:N55) -> 61334 | O47: =+D47/C47 -> 1.3377414
A48: SP-PSA | B48: 0 | C48: 0 | E48: =SUM(F48:J48) -> 0
A49: Tân Cảng - TCIT | B49: =127394+89400+147995+127434+174236+176428+189135+187087+174544+192913+163797+135579 -> 1885942 | C49: =127394+89400+147995+127434+174236+176428+189135+187087+174544+192913+163797+135579 -> 1885942 | D49: =152617+131920+130997+153389+149066+196349+174625+189556+159615+174414+174638+173536 -> 1960722 | E49: =SUM(F49:J49) -> 173536 | F49: 70770 | G49: 82028 | H49: 6513 | I49: 4541 | J49: 9684 | K49: 16568 | L49: =49231+2195+502+1979+3867 -> 57774 | O49: =+D49/C49 -> 1.0396513
A51: Tân Cảng - TCTT (TCOT cũ) | B51: =47356+52560+79724+85499+66734+68133+73487+69407+60723+61109+72181+84025 -> 820938 | C51: =47356+52560+79724+85499+66734+68133+73487+69407+60723+61109+72181+84025 -> 820938 | D51: =97537+55586+99611+80866+84077+87464+89817+110297+103108+86858+89238+102094 -> 1086553 | E51: =SUM(F51:J51) -> 102094 | F51: 48449 | G51: 48596 | J51: 5049 | K51: 10474 | L51: =34268+4171+492 -> 38931 | O51: =+D51/C51 -> 1.3235506
A52: CMIT | B52: =38855+42860+48337+46082+47751+44611+75076+55809+60576+63502+55882+64932 -> 644273 | C52: =38855+42860+48337+46082+47751+44611+75076+55809+60576+63502+55882+64932 -> 644273 | D52: =59734+65037+69566+76869+85180+98871+84349+95878+74900+91720+96454+90939 -> 989497 | E52: =SUM(F52:J52) -> 90939 | F52: 31637 | G52: 43297 | J52: 16005 | K52: =1833+4959+3132 -> 9924 | L52: =6926+40+349 -> 7315 | O52: =+D52/C52 -> 1.535835
A53: SSIT | B53: =38927+25455+65397+44769+34250+34453+44944+60275+38990+46527+28707+33843 -> 496537 | C53: =38927+25455+65397+44769+34250+34453+44944+60275+38990+46527+28707+33843 -> 496537 | D53: =47624+41548+39771+61527+61540+40461+59109+75205+60419+66567+64451+64941 -> 683163 | E53: =SUM(F53:J53) -> 64941 | F53: 24135 | G53: 34737 | J53: 6069 | K53: 10647 | L53: =19005+10+4003 -> 23018 | M53: 23812 | N53: 61334 | O53: =+D53/C53 -> 1.3758552
A54: GEMALINK (*) | B54: 949900 | C54: 949900 | D54: =1542000+E54 -> 1698000 | E54: 156000 | O54: =+D54/B54 -> 1.7875566
A55: SITV
A57: ĐỒNG BẰNG SCL | B57: =SUM(B58:B65) -> 71421 | C57: =SUM(C58:C65) -> 71421 | D57: =SUM(D58:D65) -> 55955 | E57: =SUM(E58:E65) -> 5176 | H57: =SUM(H58:H65) -> 2588 | I57: =SUM(I58:I65) -> 2588 | K57: =SUM(K58:K65) -> 2237 | L57: =SUM(L58:L65) -> 2121 | M57: =SUM(M58:M65) -> 0 | N57: =SUM(N58:N65) -> 3042 | O57: =+D57/C57 -> 0.78345305
A58: Can Tho/ Cái Cui | B58: =122+557+792+366+499+468+393+769+628+559+497+230 -> 5880 | C58: =122+557+792+366+499+468+393+769+628+559+497+230 -> 5880 | D58: =335+74+675+1816+624+522+232+273+655+1600+1480+1538 -> 9824 | E58: =SUM(F58:J58) -> 1538 | H58: 844 | I58: 694 | K58: =420+64 -> 484 | L58: =282 -> 282 | O58: =+D58/C58 -> 1.6707483
A59: Tân Cảng Cái Cui | E59: =SUM(F59:J59) -> 0
A60: Tra Noc CT | B60: =774+884+1093+1806+989+1127+1587+1317+1182+1138+1729+1456 -> 15082 | C60: =774+884+1093+1806+989+1127+1587+1317+1182+1138+1729+1456 -> 15082 | D60: =1670+1062+1129+1350+1391+1439+1192+1252+1332+1078+1196+1258 -> 15349 | E60: =SUM(F60:J60) -> 1258 | H60: 514 | I60: 744 | K60: =154+295 -> 449 | L60: =282+331 -> 613 | N60: 1258 | O60: =+D60/C60 -> 1.0177032
A61: An Giang | B61: =19101+1605+2057+920+1082 -> 24765 | C61: =19101+1605+2057+920+1082 -> 24765 | D61: =1089+517+1381+2546+1336+1503+1713+1785+1646+1436+909+1418 -> 17279 | E61: =SUM(F61:J61) -> 1418 | H61: 753 | I61: 665 | K61: 822 | L61: =746+3 -> 749 | N61: 822 | O61: =+D61/C61 -> 0.69771855
A62: Vinh Long | B62: =SUM(D62:G62) -> 0 | C62: =SUM(E62:H62) -> 0 | E62: =SUM(F62:J62) -> 0
A63: Tan Cang - Sa Dec | B63: 19597 | C63: 19597 | D63: =949+632+800+680+378+254+120+150+155+159+135+133 -> 4545 | E63: 133 | H63: 61 | I63: 72 | K63: 61 | L63: 72 | N63: 133 | O63: =+D63/C63 -> 0.23192325
A64: Tan Cang - Thốt Nốt (*) | E64: =SUM(F64:J64) -> 0
A65: VIMC- Hậu Giang | B65: =3284+527+85+247+741+628+585 -> 6097 | C65: =3284+527+85+247+741+628+585 -> 6097 | D65: =703+210+509+267+526+508+670+637+1462+1836+801+829 -> 8958 | E65: =SUM(F65:J65) -> 829 | H65: 416 | I65: 413 | K65: 421 | L65: =48+357 -> 405 | N65: 829 | O65: =+D65/C65 -> 1.4692472
A67: TỔNG CỘNG | B67: =B6+B28+B34+B47+B57 -> 18561273 | C67: =C6+C28+C34+C47+C57 -> 18561273 | D67: =D6+D28+D34+D47+D57 -> 21879672 | E67: =E6+E28+E34+E47+E57 -> 1972895 | F67: =F6+F28+F34+F47+F57 -> 391713 | G67: =G6+G28+F34+G47+G57 -> 398726 | H67: =H6+H28+G34+H47+H57 -> 40165 | I67: =I6+I28+H34+I47+I57 -> 39355 | J67: =J6+J28+I34+J47+J57 -> 36807 | K67: =K6+K28+J34+K47+K57 -> 114958 | L67: =L6+L28+K34+L47+L57 -> 182473 | M67: =M6+M28+L34+M47+M57 -> 33180 | N67: =N6+N28+M34+N47+N57 -> 139635 | O67: =+D67/C67 -> 1.1787808
A68: Tổng cộng VPA và Cảng khác | B68: =B67+B26 -> 20384487 | C68: =C67+C26 -> 20384487 | D68: =D67+D26 -> 23758532 | E68: =E67+E26 -> 2153851
M69: Ngày 14 tháng 12 năm 2024
D71: Tháng 1 | E71: Tháng 2 | F71: Tháng 3 | G71: Tháng 4 | H71: Tháng 5 | I71: Tháng 6 | J71: Tháng 7 | K71: Tháng 8 | L71: Tháng 9 | M71: Tháng 10 | N71: Tháng 11 | O71: Tháng 12 | P71: Năm 2024
B72: Sản lượng hàng tháng | D72: 1845076 | E72: 1453853.1 | F72: 1812571.5 | G72: 1892251.3 | H72: 1870176 | I72: 1911539 | J72: 1961723 | K72: 2029897.8 | L72: 1839034.8 | M72: 1965535 | N72: 1946835 | P72: =SUM(D72:O72) -> 20528493
B73: % so với tháng trước đó | E73: =IF(D72>0,E72/D72,0)*100 -> 78.796382 | F73: =IF(E72>0,F72/E72,0)*100 -> 124.67363 | G73: =IF(F72>0,G72/F72,0)*100 -> 104.39596 | H73: =IF(G72>0,H72/G72,0)*100 -> 98.833383 | I73: =IF(H72>0,I72/H72,0)*100 -> 102.21172 | J73: =IF(H72>0,J72/H72,0)*100 -> 104.8951 | K73: =IF(J72>0,K72/J72,0)*100 -> 103.47525 | L73: =IF(K72>0,L72/K72,0)*100 -> 90.597406 | M73: =IF(L72>0,M72/L72,0)*100 -> 106.87862 | N73: =IF(M72>0,N72/M72,0)*100 -> 99.048605 | O73: =IF(N72>0,O72/N72,0)*100 -> 0 | T73: =14/13 -> 1.0769231
A75: (*) Cảng chưa là thành viên VPA (số liệu được ước tính/tham khảo/cung cấp từ nguồn khác). Riêng số liệu năm 2022 của Gemalink có tính bx sà lan.
A76: Kể từ năm 2012, sản lượng thông qua không tính bốc xếp sà lan.
A77: Số liệu container trung chuyển, container 20', rỗng, lạnh và GN qua Sà lan không chính xác do nhiều cảng chưa thống kê đầy đủ
A78: Những ô để trống: không có số liệu (khác với trường hợp có số liệu = 0)
A79: Ban Thư ký VPA chân thành cám ơn các cảng đã cung cấp số liệu chi tiết nêu trên.
A80: Kính đề nghị các cảng xem xét và chỉnh sửa, bổ sung và báo ngay dùm cho BTK, nếu có thiếu sót.
A81: Dự kiến sẽ cung cấp thường xuyên số liệu cập nhật và chi tiết hơn cho các cảng để tham khảo, sử dụng.
B83: Container (Tấn>TEU) qua CMTV từng tháng năm 2024 có tính BX sà lan (Thông tin tham khảo thêm)
B84: Cảng | D84: Thang 1 | E84: Thang 2 | F84: Thang 3 | G84: Thang 4 | H84: Thang 5 | I84: Thang 6 | J84: Thang 7 | K84: Thang 8 | L84: Thang 9 | M84: Thang 10 | N84: Thang 11 | O84: Thang 12 | P84: Năm 2024 | Q84: Thị phần %
B85: Gemalink | D85: 250647.57 | E85: 303326.79 | F85: 278308.29 | G85: 329534.93 | H85: 264136.86 | I85: 280939.93 | J85: 288262.21 | K85: 271802.21 | L85: 268024.71 | M85: 273538.36 | N85: 280962.93 | P85: =SUM(D85:O85) -> 3089484.8 | Q85: =P85/$P$92 -> 0.33554572
B86: TCCT | D86: 51557.786 | E86: 38594.857 | F86: 40995.357 | G86: 33533.714 | H86: 15954.786 | I86: 52129.786 | J86: 43316.857 | K86: 16896.429 | L86: 11983.357 | M86: 36116.357 | N86: 35962.643 | P86: =SUM(D86:O86) -> 377041.93 | Q86: =P86/$P$92 -> 0.040950131
B87: TCIT | D87: 157521.86 | E87: 160543.86 | F87: 156602.71 | G87: 190080.79 | H87: 199613.79 | I87: 200030.57 | J87: 179224.21 | K87: 212064 | L87: 216576.86 | M87: 197261.57 | N87: 176496.57 | P87: =SUM(D87:O87) -> 2046016.8 | Q87: =P87/$P$92 -> 0.22221575
B88: TCTT | D88: 129327.71 | E88: 98880.786 | F88: 142655.5 | G88: 133507.36 | H88: 117586.21 | I88: 102160.14 | J88: 115071.29 | K88: 125627.07 | L88: 117220.21 | M88: 109571.57 | N88: 117013.21 | P88: =SUM(D88:O88) -> 1308621.1 | Q88: =P88/$P$92 -> 0.14212797
B89: SSIT | D89: 81303.643 | E89: 79785.571 | F89: 99571 | G89: 105052.5 | H89: 95685.357 | I89: 101332.71 | J89: 110053 | K89: 157274.64 | L89: 107111.64 | M89: 113778.57 | N89: 126239.71 | P89: =SUM(D89:O89) -> 1177188.4 | Q89: =P89/$P$92 -> 0.1278532
B90: CMIT | D90: 79967.429 | E90: 73659.643 | F90: 87559.357 | G90: 116176.93 | H90: 97186.071 | I90: 107421.21 | J90: 106410.43 | K90: 100767.21 | L90: 106862.07 | M90: 108471.5 | N90: 116052.71 | P90: =SUM(D90:O90) -> 1100534.6 | Q90: =P90/$P$92 -> 0.11952791
B91: LONG SON | D91: 2349.7857 | E91: 4728.1429 | F91: 9206.7857 | G91: 12338.643 | H91: 9361.4286 | I91: 10276.429 | J91: 11068.929 | K91: 13297.5 | L91: 9097.1429 | M91: 12402.357 | N91: 14329 | P91: =SUM(D91:O91) -> 108456.14 | Q91: =P91/$P$92 -> 0.011779309
D92: =SUM(D85:D91) -> 752675.79 | E92: =SUM(E85:E91) -> 759519.64 | F92: =SUM(F85:F91) -> 814899 | G92: =SUM(G85:G91) -> 920224.86 | H92: =SUM(H85:H91) -> 799524.5 | I92: =SUM(I85:I91) -> 854290.79 | J92: =SUM(J85:J91) -> 853406.93 | K92: =SUM(K85:K91) -> 897729.07 | ... P92: =SUM(P85:P91) -> 9207343.6 | Q92: =P92/$P$92 -> 1

Sheet Sheet1
C4: Nam Đình Vũ | D4: Sản lượng (TEU) | E4: %y/y | F4: Nhập Ngoại | G4: Xuất Ngoại | H4: Nhập nội | I4: Xuất nội | J4: Trung chuyển | K4: 20' | L4: Rỗng | M4: Lạnh | N4: GN qua sà lan | Q4: Phước Long ICD | R4: Sản lượng (TEU) | S4: %y/y | T4: Nhập Ngoại | U4: Xuất Ngoại | V4: Nhập nội | W4: Xuất nội | X4: Trung chuyển | Y4: 20' | Z4: Rỗng | AA4: Lạnh | AB4: GN qua sà lan | AE4: Bình Dương | AF4: Sản lượng (TEU) | AG4: % y/y | AH4: Nhập Ngoại | AI4: Xuất Ngoại | AJ4: Nhập nội | AK4: Xuất nội | AL4: Trung chuyển | AM4: 20' | AN4: Rỗng | AO4: Lạnh | AP4: GN qua sà lan | AS4: Gemalink | AT4: Sản lượng (TEU) | AU4: % y/y | AV4: Nhập Ngoại | AW4: Xuất Ngoại | AX4: Nhập nội | AY4: Xuất nội | AZ4: Trung chuyển | BA4: 20' | BB4: Rỗng | BC4: Lạnh | BD4: GN qua sà lan
C5: 2023 | D5: =SUM(D6:D17) -> 897224 | Q5: 2023 | R5: =SUM(R6:R17) -> 12038 | AE5: 2023 | AF5: =SUM(AF6:AF17) -> 558925 | AS5: 2023 | AT5: =SUM(AT6:AT17) -> 949900
C6: Jan | D6: 27700 | Q6: Jan | R6: 856 | AE6: Jan | AF6: 39360 | AS6: Jan | AT6: 55000
C7: Feb | D7: 42263 | Q7: Feb | R7: 1105 | AE7: Feb | AF7: 31413 | AS7: Feb | AT7: 49400
C8: Mar | D8: 60649 | Q8: Mar | R8: 998 | AE8: Mar | AF8: 40944 | AS8: Mar | AT8: 60500
C9: Apr | D9: 60306 | Q9: Apr | R9: 1097 | AE9: Apr | AF9: 48285 | AS9: Apr | AT9: 79000
C10: May | D10: 68982 | Q10: May | R10: 762 | AE10: May | AF10: 43004 | AS10: May | AT10: 69000
C11: Jun | D11: 89333 | Q11: Jun | R11: 1006 | AE11: Jun | AF11: 49487 | AS11: Jun | AT11: 76000
C12: Jul | D12: 103549 | Q12: Jul | R12: 925 | AE12: Jul | AF12: 46444 | AS12: Jul | AT12: 76500
C13: Aug | D13: 96251 | Q13: Aug | R13: 1623 | AE13: Aug | AF13: 46624 | AS13: Aug | AT13: 78000
C14: Sep | D14: 80177 | Q14: Sep | R14: 967 | AE14: Sep | AF14: 47258 | AS14: Sep | AT14: 63500
C15: Oct | D15: 83538 | Q15: Oct | R15: 1027 | AE15: Oct | AF15: 46927 | AS15: Oct | AT15: 101000
C16: Nov | D16: 83985 | Q16: Nov | R16: 794 | AE16: Nov | AF16: 58130 | AS16: Nov | AT16: 101000
C17: Dec | D17: 100491 | Q17: Dec | R17: 878 | AE17: Dec | AF17: 61049 | AS17: Dec | AT17: 141000
C19: 2024 | D19: =SUM(D20:D31) -> 1343572 | E19: =D19/D5 -1 -> 0.49747666 | Q19: 2024 | R19: =SUM(R20:R31) -> 17366 | S19: =R19/R5 -1 -> 0.44259844 | AE19: 2024 | AF19: =SUM(AF20:AF31) -> 837640 | AG19: =AF19/AF5 -1 -> 0.49866261 | AS19: 2024 | AT19: =SUM(AT20:AT31) -> 1697999.9 | AU19: =AT19/AT5 -1 -> 0.7875565
C20: Jan | D20: =SUM(F20:J20) -> 107401 | E20: =D20/D6 -1 -> 2.8772924 | F20: 50060 | G20: 47718 | H20: 4470 | I20: 5153 | K20: =10956+8425+755+989 -> 21125 | L20: =1010+4403+61+58 -> 5532 | M20: =4682 -> 4682 | N20: 891 | Q20: Jan | R20: ='T01-2024'!E43 -> 1121 | S20: =R20/R6 -1 -> 0.30957944 | T20: ='T01-2024'!F43 -> 260 | U20: ='T01-2024'!G43 -> 861 | V20: ='T01-2024'!H43 -> 0 | W20: ='T01-2024'!I43 -> 0 | X20: ='T01-2024'!J43 -> 0 | Y20: ='T01-2024'!K43 -> 219 | Z20: ='T01-2024'!L43 -> 216 | AA20: ='T01-2024'!M43 -> 0 | AB20: ='T01-2024'!N43 -> 1121 | AE20: Jan | AF20: ='T01-2024'!E33 -> 67666 | AG20: =AF20/AF6 -1 -> 0.7191565 | AH20: ='T01-2024'!F33 -> 0 | AI20: ='T01-2024'!G33 -> 0 | AJ20: ='T01-2024'!H33 -> 23881 | AK20: ='T01-2024'!I33 -> 43785 | AL20: ='T01-2024'!J33 -> 0 | AM20: ='T01-2024'!K33 -> 1833 | AN20: ='T01-2024'!L33 -> 1221 | AO20: ='T01-2024'!M33 -> 0 | AP20: ='T01-2024'!N33 -> 0 | AS20: Jan | AT20: ='T01-2024'!E52 -> 112000 | AU20: =AT20/AT6 -1 -> 1.0363636 | AV20: ='T01-2024'!F52 -> 52452 | AW20: ='T01-2024'!G52 -> 59548 | AX20: ='T01-2024'!H52 -> 0 | AY20: ='T01-2024'!I52 -> 0 | AZ20: ='T01-2024'!J52 -> 0 | BA20: ='T01-2024'!K52 -> 0 | BB20: ='T01-2024'!L52 -> 0 | BC20: ='T01-2024'!M52 -> 0 | BD20: ='T01-2024'!N52 -> 0
C21: Feb | D21: =F21+G21+H21+I21+J21 -> 71667 | E21: =D21/D7 -1 -> 0.69573859 | F21: 32713 | G21: 32947 | H21: 2623 | I21: 3384 | K21: =7496+6249+531+631 -> 14907 | L21: =265+1958+4+19 -> 2246 | N21: 493 | Q21: Feb | R21: ='T02-2024'!E43 -> 1436 | S21: =R21/R7 -1 -> 0.29954751 | T21: ='T02-2024'!F43 -> 270 | U21: ='T02-2024'!G43 -> 1166 | V21: ='T02-2024'!H43 -> 0 | W21: ='T02-2024'!I43 -> 0 | X21: ='T02-2024'!J43 -> 0 | Y21: ='T02-2024'!K43 -> 387 | Z21: ='T02-2024'!L43 -> 21 | AA21: ='T02-2024'!M43 -> 0 | AB21: ='T02-2024'!N43 -> 1436 | AE21: Feb | AF21: ='T02-2024'!E33 -> 51377 | AG21: =AF21/AF7 -1 -> 0.63553306 | AH21: ='T02-2024'!F33 -> 0 | AI21: ='T02-2024'!G33 -> 0 | AJ21: ='T02-2024'!H33 -> 17573 | AK21: ='T02-2024'!I33 -> 33804 | AL21: ='T02-2024'!J33 -> 0 | AM21: ='T02-2024'!K33 -> 1549 | AN21: ='T02-2024'!L33 -> 670 | AO21: ='T02-2024'!M33 -> 0 | AP21: ='T02-2024'!N33 -> 51377 | AS21: Feb | AT21: ='T02-2024'!E52 -> 102000 | AU21: =AT21/AT7 -1 -> 1.0647773 | AV21: ='T02-2024'!F52 -> 43210 | AW21: ='T02-2024'!G52 -> 58790 | AX21: ='T02-2024'!H52 -> 0 | AY21: ='T02-2024'!I52 -> 0 | AZ21: ='T02-2024'!J52 -> 0 | BA21: ='T02-2024'!K52 -> 0 | BB21: ='T02-2024'!L52 -> 0 | BC21: ='T02-2024'!M52 -> 0 | BD21: ='T02-2024'!N52 -> 0
C22: Mar | D22: =SUM(F22:J22) -> 97692 | E22: =D22/D8 -1 -> 0.61077676 | F22: 45662 | G22: 42066 | H22: 4367 | I22: 5597 | K22: 24730 | L22: =3439+6882+423+396 -> 11140 | M22: 6769 | N22: 1095 | Q22: Mar | R22: ='T03-2024'!E43 -> 1206 | S22: =R22/R8 -1 -> 0.20841683 | T22: ='T03-2024'!F43 -> 398 | U22: ='T03-2024'!G43 -> 808 | V22: ='T03-2024'!H43 -> 0 | W22: ='T03-2024'!I43 -> 0 | X22: ='T03-2024'!J43 -> 0 | Y22: ='T03-2024'!K43 -> 223 | Z22: ='T03-2024'!L43 -> 29 | AA22: ='T03-2024'!M43 -> 0 | AB22: ='T03-2024'!N43 -> 1206 | AE22: Mar | AF22: ='T03-2024'!E33 -> 57750 | AG22: =AF22/AF8 -1 -> 0.41046307 | AH22: ='T03-2024'!F33 -> 0 | AI22: ='T03-2024'!G33 -> 0 | AJ22: ='T03-2024'!H33 -> 18731 | AK22: ='T03-2024'!I33 -> 39019 | AL22: ='T03-2024'!J33 -> 0 | AM22: ='T03-2024'!K33 -> 1718 | AN22: ='T03-2024'!L33 -> 14572 | AO22: ='T03-2024'!M33 -> 0 | AP22: ='T03-2024'!N33 -> 0 | AS22: Mar | AT22: ='T03-2024'!E52 -> 115000 | AU22: =AT22/AT8 -1 -> 0.90082645 | AV22: ='T03-2024'!F52 -> 52610 | AW22: ='T03-2024'!G52 -> 62390 | AX22: ='T03-2024'!H52 -> 0 | AY22: ='T03-2024'!I52 -> 0 | AZ22: ='T03-2024'!J52 -> 0 | BA22: ='T03-2024'!K52 -> 0 | BB22: ='T03-2024'!L52 -> 0 | BC22: ='T03-2024'!M52 -> 0 | BD22: ='T03-2024'!N52 -> 0
C23: Apr | D23: =SUM(F23:J23) -> 112321 | E23: =D23/D9 -1 -> 0.86251783 | F23: 56245 | G23: 49188 | H23: 3248 | I23: 3640 | K23: =12240+9149+672+962 -> 23023 | L23: =1231+4145+70+46 -> 5492 | M23: 4808 | N23: 452 | Q23: Apr | R23: ='T04-2024'!E45 -> 1791 | S23: =R23/R9 -1 -> 0.63263446 | T23: ='T04-2024'!F45 -> 705 | U23: ='T04-2024'!G45 -> 1086 | V23: ='T04-2024'!H45 -> 0 | W23: ='T04-2024'!I45 -> 0 | X23: ='T04-2024'!J45 -> 0 | Y23: ='T04-2024'!K45 -> 296 | Z23: ='T04-2024'!L45 -> 189 | AA23: ='T04-2024'!M45 -> 0 | AB23: ='T04-2024'!N45 -> 1791 | AE23: Apr | AF23: ='T04-2024'!E35 -> 71526 | AG23: =AF23/AF9 -1 -> 0.48132961 | AH23: ='T04-2024'!F35 -> 19960 | AI23: ='T04-2024'!G35 -> 51566 | AJ23: ='T04-2024'!H35 -> 0 | AK23: ='T04-2024'!I35 -> 0 | AL23: ='T04-2024'!J35 -> 0 | AM23: ='T04-2024'!K35 -> 0 | AN23: ='T04-2024'!L35 -> 0 | AO23: ='T04-2024'!M35 -> 0 | AP23: ='T04-2024'!N35 -> 0 | AS23: Apr | AT23: ='T04-2024'!E54 -> 153000 | AU23: =AT23/AT9 -1 -> 0.93670886 | AV23: ='T04-2024'!F54 -> 71910 | AW23: ='T04-2024'!G54 -> 81090 | AX23: ='T04-2024'!H54 -> 0 | AY23: ='T04-2024'!I54 -> 0 | AZ23: ='T04-2024'!J54 -> 0 | BA23: ='T04-2024'!K54 -> 0 | BB23: ='T04-2024'!L54 -> 0 | BC23: ='T04-2024'!M54 -> 0 | BD23: ='T04-2024'!N54 -> 0
